Código;Artículo;Marca;Rubro;Unidad de Medida;S. Remanente;S. Por O.C.;S. Total;S. En Tránsito;Lista 1;B) TRUCK CORDOBA;D) OLAVARRIA;F) POLO;

="F77";="10-16.5 FORERUNNER SKS-8 10PR TL ";="FORERUNNER";="INDUSTRIALES IMPORTADO";="UNIDAD";7,000;0,000;7,000;0,000;131,73;1,000;6,000;0,000;
="T1101350";="10-16.5 IT323 10T TL";="GOODYEAR";="XTRAMINE";="UNIDAD";8,000;0,000;8,000;0,000;263,64;0,000;0,000;8,000;
="T1100000";="10.00-16 DYNA RIB F2 TT 10T";="GOODYEAR";="AGRICOLA TRACTOR DELANTERO";="UNIDAD";32,000;0,000;32,000;0,000;207,44;24,000;8,000;0,000;
="X1100000";="10.00-16 DYNA RIB F2 TT 10T";="GOODYEAR";="AGRICOLA TRACTOR DELANTERO";="UNIDAD";1,000;0,000;9,000;0,000;201,74;0,000;1,000;0,000;
="F42";="10.00-16 FORERUNNER QH622 10PR TL F-2";="FORERUNNER";="AGRICOLA TRACTOR DELANTERO";="UNIDAD";243,000;0,000;243,000;0,000;174,50;0,000;12,000;231,000;
="120243";="10.00-20 CT150 16PR TT";="GOODYEAR";="DIRECCION";="UNIDAD";10,000;0,000;13,000;0,000;504,13;8,000;0,000;2,000;
="F46";="10.5/80-18 FORERUNNER QH603 12PR TL R-4";="FORERUNNER";="AGRICOLA TRACTOR DELANTERO";="UNIDAD";26,000;0,000;26,000;0,000;205,29;2,000;4,000;20,000;
="T1100402";="10.5/80-18 SUPER FLOTATION I1 TT 12T";="GOODYEAR";="AGRICOLA TRACTOR DELANTERO";="UNIDAD";6,000;0,000;6,000;0,000;245,16;0,000;0,000;6,000;
="X1100050";="11.00-16 DYNA RIB F2 TL 8T";="GOODYEAR";="AGRICOLA TRACTOR DELANTERO";="UNIDAD";3,000;0,000;6,000;0,000;297,93;2,000;1,000;0,000;
="T1100050";="11.00-16 DYNA RIB F2 TL 8T";="GOODYEAR";="AGRICOLA TRACTOR DELANTERO";="UNIDAD";107,000;0,000;107,000;0,000;297,93;105,000;2,000;0,000;
="T1100051";="11.00-16 DYNA RIB F2 TT 10T";="GOODYEAR";="AGRICOLA TRACTOR DELANTERO";="UNIDAD";70,000;0,000;72,000;0,000;288,57;60,000;10,000;0,000;
="X1100051";="11.00-16 DYNA RIB F2 TT 10T";="GOODYEAR";="AGRICOLA TRACTOR DELANTERO";="UNIDAD";2,000;0,000;13,000;0,000;288,57;2,000;0,000;0,000;
="F43";="11.00-16 FORERUNNER QH622 12PR TL F-2";="FORERUNNER";="AGRICOLA TRACTOR DELANTERO";="UNIDAD";113,000;0,000;115,000;0,000;220,69;0,000;10,000;103,000;
="X1120001";="11.00-16 IMPLEMENTO RAYADO 12T TT";="GOODYEAR";="AGRICOLA TRACTOR DELANTERO";="UNIDAD";1,000;0,000;3,000;0,000;285,17;1,000;0,000;0,000;
="181815";="11.00-20 NHS COMPACTADOR LISO";="GOODYEAR";="RODILLO COMPACTADOR";="UNIDAD";26,000;0,000;26,000;0,000;735,54;0,000;0,000;26,000;
="T1600050";="11.00-20 ROAD ROLLER C1 TT 18T";="TITAN GOODYEAR";="RODILLO COMPACTADOR";="UNIDAD";4,000;0,000;4,000;0,000;610,74;0,000;0,000;4,000;
="122182";="11.00R20 G677 MSD PLUS 150/147K H TT";="GOODYEAR";="TRACCION";="UNIDAD";1,000;0,000;3,000;0,000;544,44;0,000;0,000;1,000;
="7500476";="11.00R20 ROYAL BLACK RS618 18PR 152/149K M+S";="ROYAL BLACK";="DIRECCION";="UNIDAD";1,000;0,000;1,000;0,000;396,89;0,000;0,000;1,000;
="8004516";="11.00R20 RT609  ROYALBLACK 152/149K M+S";="ROYAL BLACK";="TRACCION";="UNIDAD";8,000;0,000;8,000;0,000;416,73;0,000;8,000;0,000;
="120315";="11.00R22 G658 152/149K H TT";="GOODYEAR";="DIRECCION";="UNIDAD";1,000;0,000;1,000;0,000;728,78;0,000;0,000;1,000;
="T1103001";="11L-15 FARM UTILITY I-1 TL 12T";="GOODYEAR";="AGRICOLA TRACTOR DELANTERO";="UNIDAD";11,000;0,000;11,000;0,000;200,89;9,000;2,000;0,000;
="X1101160";="11L-15 LABORER F3 TL 12T";="GOODYEAR";="AGRICOLA TRACTOR DELANTERO";="UNIDAD";1,000;0,000;4,000;0,000;229,83;1,000;0,000;0,000;
="T1101160";="11L-15 LABORER F3 TL 12T";="GOODYEAR";="AGRICOLA TRACTOR DELANTERO";="UNIDAD";11,000;0,000;11,000;0,000;229,83;9,000;2,000;0,000;
="F44";="11L-16 FORERUNNER QH631 12PR TL F-3";="FORERUNNER";="AGRICOLA TRACTOR DELANTERO";="UNIDAD";1,000;0,000;3,000;0,000;139,67;0,000;0,000;1,000;
="T1101201";="11L-16 LABORER F3 TL 12T";="GOODYEAR";="AGRICOLA TRACTOR DELANTERO";="UNIDAD";24,000;0,000;24,000;0,000;247,11;16,000;8,000;0,000;
="T1101250";="12-16.5 IT323 10T TL";="GOODYEAR";="XTRAMINE";="UNIDAD";8,000;0,000;8,000;0,000;295,04;0,000;0,000;8,000;
="120276";="12.00-20 CT150 16PR TT";="GOODYEAR";="DIRECCION";="UNIDAD";1,000;0,000;1,000;0,000;387,76;0,000;0,000;1,000;
="122195";="12.00R20 G677 MSD PLUS 154K J18PR";="GOODYEAR";="TRACCION";="UNIDAD";2,000;0,000;2,000;0,000;628,51;0,000;0,000;2,000;
="T1150015";="12.4-24 DYNA TORQUE II HD R1 TL 10T";="GOODYEAR";="AGRICOLA TRACTOR TRASERO DIAGONAL";="UNIDAD";8,000;0,000;8,000;0,000;570,33;0,000;0,000;8,000;
="F63";="12.4-24 FORERUNNER QH611 12PR TT R-1";="FORERUNNER";="AGRICOLA TRACTOR TRASERO DIAGONAL";="UNIDAD";3,000;0,000;3,000;0,000;266,02;0,000;3,000;0,000;
="F20";="12.4-24 FORERUNNER QH666 12PR TT R-1";="FORERUNNER";="AGRICOLA TRACTOR TRASERO DIAGONAL";="UNIDAD";12,000;0,000;12,000;0,000;299,17;0,000;0,000;12,000;
="T1159305";="12.4-24 SUPREME TFC R1 TL 10T";="GOODYEAR";="AGRICOLA TRACTOR TRASERO DIAGONAL";="UNIDAD";4,000;0,000;4,000;0,000;385,12;0,000;0,000;4,000;
="X1150124";="12.4-36 DYNA TORQUE II R1 TL 12T";="GOODYEAR";="AGRICOLA TRACTOR TRASERO DIAGONAL";="UNIDAD";17,000;0,000;21,000;0,000;563,64;13,000;4,000;0,000;
="F36";="12.4-36 FORERUNNER QH666 12PR TL R-1";="FORERUNNER";="AGRICOLA TRACTOR TRASERO DIAGONAL";="UNIDAD";23,000;0,000;23,000;0,000;458,48;0,000;4,000;19,000;
="288600";="12.5 L16 12T QJ";="QJ";="VARIAS MEDIDAS";="UNIDAD";4,000;0,000;8,000;0,000;301652,89;0,000;4,000;0,000;
="T1101422";="12.5/80-18 SURE GRIP LUG I3 TL 14T";="GOODYEAR";="AGRICOLA TRACTOR DELANTERO";="UNIDAD";8,000;0,000;8,000;0,000;383,47;0,000;0,000;8,000;
="F48COPIA";="13.00-24 FORERUNNER QH808 16PR TL G-2/L-2";="FORERUNNER";="VIALES / OTR - DIAGONALES";="UNIDAD";2,000;0,000;2,000;0,000;453,35;0,000;2,000;0,000;
="F48";="13.00-24 FORERUNNER QH808 16PR TL G-2/L-2";="FORERUNNER";="VIALES / OTR - DIAGONALES";="UNIDAD";8,000;0,000;8,000;0,000;453,35;0,000;8,000;0,000;
="X1601004";="13.00-24 ROAD GRADER G2 TT 12T";="TITAN GOODYEAR";="VIALES / OTR - DIAGONALES";="UNIDAD";3,000;0,000;3,000;0,000;552,89;0,000;0,000;3,000;
="T1601004";="13.00-24 ROAD GRADER G2 TT 12T";="TITAN GOODYEAR";="VIALES / OTR - DIAGONALES";="UNIDAD";1,000;0,000;1,000;0,000;583,47;0,000;0,000;1,000;
="X1601005";="13.00-24 ROAD GRADER G2 TT 16T";="TITAN GOODYEAR";="VIALES / OTR - DIAGONALES";="UNIDAD";4,000;0,000;4,000;0,000;649,59;0,000;4,000;0,000;
="T1150022";="13.6-24 DYNA TORQUE II R-1 TL 8T";="GOODYEAR";="AGRICOLA TRACTOR TRASERO DIAGONAL";="UNIDAD";10,000;0,000;10,000;0,000;452,01;0,000;4,000;6,000;
="F21";="13.6-24 FORERUNNER QH611 12PR TT R-1";="FORERUNNER";="AGRICOLA TRACTOR TRASERO DIAGONAL";="UNIDAD";18,000;0,000;18,000;0,000;345,57;0,000;4,000;14,000;
="F29";="13.6-28 FORERUNNER QH611 12PR TT R-1";="FORERUNNER";="AGRICOLA TRACTOR TRASERO DIAGONAL";="UNIDAD";8,000;0,000;8,000;0,000;408,87;0,000;2,000;6,000;
="T1159330";="13.6-28 SUPREME TFC 10T TL";="GOODYEAR";="AGRICOLA TRACTOR TRASERO DIAGONAL";="UNIDAD";8,000;0,000;8,000;0,000;488,61;0,000;4,000;4,000;
="MV7";="13.6-36 8T BKT";="MARCAS VARIAS";="VARIAS MEDIDAS";="UNIDAD";1,000;0,000;1,000;0,000;1393,77;0,000;0,000;1,000;
="F37";="13.6-38 FORERUNNER QH611 12PR TT R-1";="FORERUNNER";="AGRICOLA TRACTOR TRASERO DIAGONAL";="UNIDAD";10,000;0,000;10,000;0,000;510,66;0,000;4,000;6,000;
="F61";="14-17.5 FORERUNNER SKS-1 14PR TL";="FORERUNNER";="INDUSTRIALES IMPORTADO";="UNIDAD";8,000;0,000;8,000;0,000;283,98;0,000;8,000;0,000;
="X1101415";="14-17.5 IT323  SKID TL 14T";="GOODYEAR";="XTRAMINE";="UNIDAD";14,000;0,000;14,000;0,000;470,25;4,000;0,000;10,000;
="X1101414";="14-17.5 IT323 SKID TL 10T";="GOODYEAR";="XTRAMINE";="UNIDAD";3,000;0,000;3,000;0,000;412,40;3,000;0,000;0,000;
="F49";="14.00-24 FORERUNNER QH808 16PR TL G-2/L-2";="FORERUNNER";="VIALES / OTR - DIAGONALES";="UNIDAD";12,000;0,000;12,000;0,000;491,84;0,000;6,000;6,000;
="T1606097";="14.00-24 TITAN TRT 16PR TL";="TITAN GOODYEAR";="VIALES / OTR - DIAGONALES";="UNIDAD";4,000;0,000;4,000;0,000;714,05;0,000;4,000;0,000;
="4AW634";="14.9-24 ALL WEATHER R-3 TL 6T";="GOODYEAR";="AGRICOLA TRACTOR TRASERO DIAGONAL";="UNIDAD";2,000;0,000;2,000;0,000;504,13;0,000;0,000;2,000;
="F22";="14.9-24 FORERUNNER QH666 12PR TT R-1";="FORERUNNER";="AGRICOLA TRACTOR TRASERO DIAGONAL";="UNIDAD";2,000;0,000;2,000;0,000;381,50;0,000;2,000;0,000;
="T1159230";="14.9-24 SUPREME TFC 12PR TT R1";="GOODYEAR";="AGRICOLA TRACTOR TRASERO DIAGONAL";="UNIDAD";3,000;0,000;3,000;0,000;523,97;0,000;0,000;3,000;
="X1750051";="14.9-26 (TI) HI TRAC LUG 8T TT";="GOODYEAR";="AGRICOLA TRACTOR TRASERO DIAGONAL";="UNIDAD";4,000;0,000;4,000;0,000;519,01;4,000;0,000;0,000;
="T1150050";="14.9-26 DYNA TORQUE II R1 TT 12T";="GOODYEAR";="AGRICOLA TRACTOR TRASERO DIAGONAL";="UNIDAD";4,000;0,000;4,000;0,000;546,28;0,000;0,000;4,000;
="T1159325";="14.9-28 SUPREME 8T TT";="GOODYEAR";="AGRICOLA TRACTOR TRASERO DIAGONAL";="UNIDAD";6,000;0,000;6,000;0,000;550,41;0,000;0,000;6,000;
="T1150192";="15.5-38 DYNA TORQUE III R1 TT 8T";="GOODYEAR";="AGRICOLA TRACTOR TRASERO DIAGONAL";="UNIDAD";2,000;0,000;2,000;0,000;647,79;0,000;0,000;2,000;
="F38";="15.5-38 FORERUNNER QH666 12PR TT R-1";="FORERUNNER";="AGRICOLA TRACTOR TRASERO DIAGONAL";="UNIDAD";4,000;0,000;4,000;0,000;557,70;0,000;0,000;4,000;
="RK636H1";="155R12C 88/86R ROYAL COMMERCIAL TL M+S";="ROYAL BLACK";="ROYAL COMMERCIAL";="UNIDAD";121,000;0,000;129,000;0,000;47,11;0,000;4,000;117,000;
="F81";="15X6.00-6-4PR TL FORERRUNER WAVE ";="FORERUNNER";="WAVE";="UNIDAD";18,000;0,000;18,000;0,000;24,81;18,000;0,000;0,000;
="T1101300";="16.0/70-20 LABORER I3 TL 10T";="GOODYEAR";="AGRICOLA TRACTOR DELANTERO";="UNIDAD";4,000;0,000;4,000;0,000;536,28;0,000;0,000;4,000;
="T1102600";="16.0/70-20 SURE GRIP IMPLEMENT I3 TL 10T";="GOODYEAR";="AGRICOLA TRACTOR DELANTERO";="UNIDAD";4,000;0,000;4,000;0,000;603,53;0,000;0,000;4,000;
="T1151004";="16.9-24 INDUSTRIAL SURE GRIP R4 TL 10T";="GOODYEAR";="AGRICOLA TRACTOR TRASERO DIAGONAL";="UNIDAD";4,000;0,000;4,000;0,000;666,12;0,000;0,000;4,000;
="T1150221";="16.9-28 POWER TORQUE R1 TT 8T";="GOODYEAR";="AGRICOLA TRACTOR TRASERO DIAGONAL";="UNIDAD";4,000;0,000;4,000;0,000;698,87;0,000;0,000;4,000;
="T1150095";="16.9-30 DYNA TORQUE II 12T TL";="GOODYEAR";="AGRICOLA TRACTOR TRASERO DIAGONAL";="UNIDAD";4,000;0,000;4,000;0,000;729,75;0,000;0,000;4,000;
="F65";="16.9-30 FORERUNNER QH611 12PR TT R-1";="FORERUNNER";="AGRICOLA TRACTOR TRASERO DIAGONAL";="UNIDAD";1,000;0,000;5,000;0,000;513,22;0,000;0,000;1,000;
="F30";="16.9-30 FORERUNNER QH666 12PR TT R-1";="FORERUNNER";="AGRICOLA TRACTOR TRASERO DIAGONAL";="UNIDAD";8,000;0,000;8,000;0,000;621,00;0,000;4,000;4,000;
="160025PI";="1600-25 PIRELLI 24T E3";="MARCAS VARIAS";="VARIAS MEDIDAS";="UNIDAD";2,000;0,000;2,000;0,000;4645,89;0,000;0,000;2,000;
="KB001";="165/70R13 79T KINGBOSS G521";="KINGBOSS";="G521";="UNIDAD";323,000;0,000;371,000;0,000;40495,87;283,000;40,000;0,000;
="RK1956H1";="165/70R13 79T ROYAL MILE TL M+S";="ROYAL BLACK";="ROYAL MILE";="UNIDAD";3,000;0,000;8,000;0,000;38,02;3,000;0,000;0,000;
="6535";="165/70R13 79T TRANSMATE TOURING H7 M+S";="TERCELO";="TOURING H7";="UNIDAD";3894,000;0,000;3930,000;0,000;47107,44;19,000;26,000;3849,000;
="110375";="165/70R13 ASSURANCE MAXLIFE 83T XL";="GOODYEAR";="ASSURANCE";="UNIDAD";29,000;0,000;57,000;0,000;71,07;29,000;0,000;0,000;
="RK1964H1COPIA";="165/70R14 81H ROYAL MILE TL M+S";="ROYAL BLACK";="ROYAL MILE";="UNIDAD";37,000;0,000;37,000;0,000;46,05;37,000;0,000;0,000;
="RK1964H1";="165/70R14 81H ROYAL MILE TL M+S";="ROYAL BLACK";="ROYAL MILE";="UNIDAD";273,000;0,000;283,000;0,000;42,98;242,000;31,000;0,000;
="RK2087H1";="165/70R14 81T ROYAL MILE TL M+S";="ROYAL BLACK";="ROYAL MILE";="UNIDAD";782,000;0,000;786,000;0,000;42,98;265,000;9,000;508,000;
="6555";="165/70R14 85T TRANSMATE TOURING H7 M+S";="TERCELO";="TOURING H7";="UNIDAD";393,000;0,000;401,000;0,000;42,98;347,000;2,000;44,000;
="F51";="17.5-25 FORERUNNER QH808 16PR TL G-2/L-2";="FORERUNNER";="VIALES / OTR - DIAGONALES";="UNIDAD";25,000;0,000;25,000;0,000;600,47;0,000;4,000;21,000;
="T1606072";="17.5-25 ND LCM L3 TL 16T";="TITAN GOODYEAR";="VIALES / OTR - DIAGONALES";="UNIDAD";8,000;0,000;8,000;0,000;713,91;0,000;0,000;8,000;
="181056";="17.5-25 SGLD/L2A L2 4S 12PR";="GOODYEAR";="VIALES";="UNIDAD";1,000;0,000;1,000;0,000;600,55;0,000;0,000;1,000;
="6056";="175/65R14 82H TRANSMATE TRANSERENUS ECO M+S";="TERCELO";="TRANSERENUS ECO";="UNIDAD";33,000;0,000;103,000;0,000;38,02;2,000;31,000;0,000;
="1RK885H1";="175/70R13 82T ROYAL COMFORT TL M+S";="ROYAL BLACK";="ROYAL COMFORT";="UNIDAD";1,000;0,000;1,000;0,000;37,19;1,000;0,000;0,000;
="6053";="175/70R13 82T TRANSMATE TRANSERENUS ECO M+S";="TERCELO";="TRANSERENUS ECO";="UNIDAD";114,000;0,000;181,000;0,000;37,19;81,000;33,000;0,000;
="6059";="175/70R14 84T TRANSMATE TRANSERENUS ECO M+S";="TERCELO";="TRANSERENUS ECO";="UNIDAD";319,000;0,000;347,000;0,000;38,84;281,000;38,000;0,000;
="3176";="175/70R14C 95/93S TRANSMATE WZT705 M+S";="TERCELO";="WZT705";="UNIDAD";6,000;0,000;16,000;0,000;58,68;0,000;6,000;0,000;
="117840";="175/80R14 KELLY EDGE SUV 2 88T SL  ";="GOODYEAR";="KELLY";="UNIDAD";8,000;0,000;8,000;0,000;93,39;8,000;0,000;0,000;
="F25";="18.4-26 FORERUNNER QH611 12PR TT R-1";="FORERUNNER";="AGRICOLA TRACTOR TRASERO DIAGONAL";="UNIDAD";8,000;0,000;8,000;0,000;603,04;0,000;4,000;4,000;
="T1150242";="18.4-26 SUPREME II 12T TT";="GOODYEAR";="AGRICOLA TRACTOR TRASERO DIAGONAL";="UNIDAD";8,000;0,000;8,000;0,000;879,34;0,000;0,000;8,000;
="T1150100";="18.4-30 DYNA TORQUE II HD R1 TL 12T";="GOODYEAR";="AGRICOLA TRACTOR TRASERO DIAGONAL";="UNIDAD";12,000;0,000;12,000;0,000;1187,48;0,000;4,000;8,000;
="F31";="18.4-30 FORERUNNER QH611 12PR TT R-1";="FORERUNNER";="AGRICOLA TRACTOR TRASERO DIAGONAL";="UNIDAD";21,000;0,000;21,000;0,000;674,03;0,000;4,000;17,000;
="F31COPIA";="18.4-30 FORERUNNER QH611 12PR TT R-1";="FORERUNNER";="AGRICOLA TRACTOR TRASERO DIAGONAL";="UNIDAD";1,000;0,000;1,000;0,000;726,27;1,000;0,000;0,000;
="T1150413";="18.4-30 SUPER ARROZEIRO  II R2 TL 10T";="GOODYEAR";="AGRICOLA TRACTOR TRASERO DIAGONAL";="UNIDAD";2,000;0,000;2,000;0,000;1114,27;0,000;0,000;2,000;
="X1150413";="18.4-30 SUPER ARROZEIRO  II R2 TL 10T";="GOODYEAR";="AGRICOLA TRACTOR TRASERO DIAGONAL";="UNIDAD";2,000;0,000;2,000;0,000;1114,27;0,000;0,000;2,000;
="F91";="18.4-34 FORERUNNER QH666 12PR TT R-1";="FORERUNNER";="AGRICOLA TRACTOR TRASERO DIAGONAL";="UNIDAD";37,000;0,000;37,000;0,000;794,64;0,000;4,000;33,000;
="T1159111";="18.4-34 SUPREME TFC R1 TT 10T";="GOODYEAR";="AGRICOLA TRACTOR TRASERO DIAGONAL";="UNIDAD";6,000;0,000;6,000;0,000;825,62;0,000;0,000;6,000;
="T1159102";="18.4-34 SUPREME TFC TT 12T";="GOODYEAR";="AGRICOLA TRACTOR TRASERO DIAGONAL";="UNIDAD";7,000;0,000;7,000;0,000;854,55;0,000;0,000;7,000;
="X1159102";="18.4-34 SUPREME TFC TT 12T";="GOODYEAR";="AGRICOLA TRACTOR TRASERO DIAGONAL";="UNIDAD";1,000;0,000;1,000;0,000;809,53;0,000;1,000;0,000;
="X1159212";="18.4-38 SUPREME TFC 10T TT";="GOODYEAR";="AGRICOLA TRACTOR TRASERO DIAGONAL";="UNIDAD";2,000;0,000;2,000;0,000;947,43;0,000;0,000;2,000;
="T1159212";="18.4-38 SUPREME TFC 10T TT";="GOODYEAR";="AGRICOLA TRACTOR TRASERO DIAGONAL";="UNIDAD";7,000;0,000;7,000;0,000;924,79;0,000;2,000;5,000;
="T1159214";="18.4-38 SUPREME TFC 12T TT";="GOODYEAR";="AGRICOLA TRACTOR TRASERO DIAGONAL";="UNIDAD";6,000;0,000;6,000;0,000;1019,01;0,000;0,000;6,000;
="111468";="185/55R16 EAGLE SPORT 2 83V SL";="GOODYEAR";="EAGLE SPORT";="UNIDAD";9,000;0,000;37,000;0,000;138,02;9,000;0,000;0,000;
="110529";="185/60R14 ASSURANCE MAXLIFE 82H SL";="GOODYEAR";="ASSURANCE";="UNIDAD";6,000;0,000;24,000;0,000;84,30;6,000;0,000;0,000;
="107223";="185/60R14 EFFICIENTGRIP PERFORMANCE 82H";="GOODYEAR";="EFFICIENTGRIP";="UNIDAD";1,000;0,000;7,000;0,000;104,54;1,000;0,000;0,000;
="1856014FT";="185/60R14 FIRESTONE FIREHAWK 700";="FIRESTONE";="MARCAS VARIAS";="UNIDAD";1,000;0,000;2,000;0,000;38,84;1,000;0,000;0,000;
="141149";="185/60R14 KELLY EDGE TOURING 2 82H SL";="GOODYEAR";="KELLY";="UNIDAD";6,000;0,000;14,000;0,000;77,69;6,000;0,000;0,000;
="RK764H1";="185/60R15 84H ROYAL COMFORT TL M+S";="ROYAL BLACK";="ROYAL COMFORT";="UNIDAD";176,000;0,000;194,000;0,000;45,45;176,000;0,000;0,000;
="RK764H1COPIA";="185/60R15 84H ROYAL COMFORT TL M+S";="ROYAL BLACK";="ROYAL COMFORT";="UNIDAD";4,000;0,000;3,000;0,000;48,82;4,000;0,000;0,000;
="6062";="185/60R15 88H TRANSMATE TRANSERENUS ECO M+S";="TERCELO";="TRANSERENUS ECO";="UNIDAD";159,000;0,000;205,000;0,000;45,45;145,000;14,000;0,000;
="111463";="185/60R15 EAGLE SPORT 2 88H XL";="GOODYEAR";="EAGLE SPORT";="UNIDAD";1,000;0,000;85,000;0,000;89,26;1,000;0,000;0,000;
="6569";="185/65R14 86H TRANSMATE TOURING H7 M+S";="TERCELO";="TOURING H7";="UNIDAD";100,000;0,000;146,000;0,000;45,45;47,000;53,000;0,000;
="1RK828H1";="185/65R15 88H ROYAL COMFORT TL M+S";="ROYAL BLACK";="ROYAL COMFORT";="UNIDAD";13,000;0,000;29,000;0,000;47,11;13,000;0,000;0,000;
="6065";="185/65R15 88H TRANSMATE TRANSERENUS ECO M+S";="TERCELO";="TRANSERENUS ECO";="UNIDAD";195,000;0,000;269,000;0,000;47,11;186,000;9,000;0,000;
="106855";="185/65R15 ASSURANCE MAXLIFE 88T";="GOODYEAR";="ASSURANCE";="UNIDAD";10,000;0,000;93,000;0,000;87,60;10,000;0,000;0,000;
="111466";="185/65R15 EAGLE SPORT 2 88H SL";="GOODYEAR";="EAGLE SPORT";="UNIDAD";6,000;0,000;58,000;0,000;90,91;6,000;0,000;0,000;
="111702";="185/65R15 EAGLE TOURING 88H SL";="GOODYEAR";="EAGLE TOURING";="UNIDAD";2,000;0,000;39,000;0,000;93,72;2,000;0,000;0,000;
="6571";="185/70R14 88T TRANSMATE TOURING H7 M+S";="TERCELO";="TOURING H7";="UNIDAD";70,000;0,000;92,000;0,000;49,59;24,000;12,000;34,000;
="RK822H1";="185/70R14 ROYAL ECO 88H TL M+S";="ROYAL BLACK";="ROYAL ECO";="UNIDAD";18,000;0,000;26,000;0,000;49,59;18,000;0,000;0,000;
="3206";="185R14C 102/100Q TRANSMATE WZT705 M+S";="TERCELO";="WZT705";="UNIDAD";32,000;0,000;40,000;0,000;67,77;20,000;12,000;0,000;
="3208";="185R15C 103/102R TRANSMATE WZT705 M+S";="TERCELO";="WZT705";="UNIDAD";32,000;0,000;36,000;0,000;65,29;20,000;12,000;0,000;
="F82";="18X8.50-8-4PR TL FORERRUNER WAVE";="FORERUNNER";="WAVE";="UNIDAD";75,000;0,000;75,000;0,000;41,91;5,000;6,000;64,000;
="F94";="19.5L-24 FORERUNNER QH601 12PR TL R-4";="FORERUNNER";="VIALES / OTR - DIAGONALES";="UNIDAD";2,000;0,000;2,000;0,000;509,80;0,000;0,000;2,000;
="F50";="19.5L-24 FORERUNNER QH607 12PR TL R-4";="FORERUNNER";="VIALES / OTR - DIAGONALES";="UNIDAD";2,000;0,000;2,000;0,000;512,40;0,000;0,000;2,000;
="195R15CFX";="195 R15C FIREMAX FM913 106/104R ";="FIREMAX";="MARCAS VARIAS";="UNIDAD";5,000;0,000;6,000;0,000;57,85;5,000;0,000;0,000;
="19514CKM";="195-R14C KUMHO RADIAL 857";="KUMHO";="MARCAS VARIAS";="UNIDAD";1,000;0,000;1,000;0,000;62,81;1,000;0,000;0,000;
="4892";="195/45R16 84V TRANSMATE SPORT D1 M+S";="TERCELO";="SPORT D1";="UNIDAD";122,000;0,000;126,000;0,000;52,07;52,000;20,000;50,000;
="RK2005H1";="195/45R16 84V XL ROYAL MILE EXTRA LOAD TL M+S";="ROYAL BLACK";="ROYAL MILE";="UNIDAD";60,000;0,000;64,000;0,000;52,07;52,000;8,000;0,000;
="105333";="195/45R16 EFFICIENTGRIP PERFORMANCE 84V";="GOODYEAR";="EFFICIENTGRIP";="UNIDAD";5,000;0,000;7,000;0,000;166,12;5,000;0,000;0,000;
="6623";="195/50R16 84V TRANSMATE TOURING H7 M+S";="TERCELO";="TOURING H7";="UNIDAD";32,000;0,000;47,000;0,000;55,37;1,000;12,000;19,000;
="RK2000H1";="195/50R16 88V EXTRA LOAD XL ROYAL MILE TL M+S";="ROYAL BLACK";="ROYAL MILE";="UNIDAD";69,000;0,000;72,000;0,000;55,37;67,000;2,000;0,000;
="117787";="195/50R16 KELLY EDGE SPORT 2 84V SL";="GOODYEAR";="KELLY";="UNIDAD";7,000;0,000;5,000;0,000;125,62;7,000;0,000;0,000;
="110221";="195/50R16 KELLY EDGE SPORT 84V SL";="GOODYEAR";="KELLY";="UNIDAD";13,000;0,000;40,000;0,000;123,22;13,000;0,000;0,000;
="6071";="195/55R15 85V TRANSMATE TRANSERENUS ECO M+S";="TERCELO";="TRANSERENUS ECO";="UNIDAD";465,000;0,000;512,000;0,000;45,45;447,000;18,000;0,000;
="108711";="195/55R15 EFFICIENTGRIP PERFORMANCE 85H";="GOODYEAR";="EFFICIENTGRIP";="UNIDAD";3,000;0,000;124,000;0,000;98,35;2,000;1,000;0,000;
="6083";="195/55R16 87V TRANSMATE TRANSERENUS ECO M+S";="TERCELO";="TRANSERENUS ECO";="UNIDAD";114,000;0,000;158,000;0,000;49,59;104,000;10,000;0,000;
="141271";="195/55R16 EAGLE TOURING 91V XL FP";="GOODYEAR";="EAGLE TOURING";="UNIDAD";4,000;0,000;7,000;0,000;128,93;4,000;0,000;0,000;
="1RK789H1";="195/60R15 88H ROYAL COMFORT TL M+S";="ROYAL BLACK";="ROYAL COMFORT";="UNIDAD";1,000;0,000;27,000;0,000;47,11;0,000;1,000;0,000;
="107236";="195/60R15 EFFICIENTGRIP PERFORMANCE 88V";="GOODYEAR";="EFFICIENTGRIP";="UNIDAD";8,000;0,000;72,000;0,000;108,26;8,000;0,000;0,000;
="1956015FT";="195/60R15 FIRESTONE FIREHAWK 900 88H";="FIRESTONE";="MARCAS VARIAS";="UNIDAD";2,000;0,000;6,000;0,000;41,32;2,000;0,000;0,000;
="117821";="195/60R15 KELLY EDGE SPORT 2 88V SL";="GOODYEAR";="KELLY";="UNIDAD";10,000;0,000;14,000;0,000;91,74;10,000;0,000;0,000;
="1956015WL";="195/60R15 WEST LAKE RP18 88H M+S";="WESTLAKE";="MARCAS VARIAS";="UNIDAD";2,000;0,000;2,000;0,000;41,32;2,000;0,000;0,000;
="RK1990H1";="195/60R16 89H ROYALMILE TL M+S";="ROYAL BLACK";="ROYAL MILE";="UNIDAD";44,000;0,000;48,000;0,000;49,59;44,000;0,000;0,000;
="6627";="195/60R16 93V TRANSMATE TOURING H7 M+S";="TERCELO";="TOURING H7";="UNIDAD";226,000;0,000;244,000;0,000;58,68;65,000;12,000;149,000;
="111172";="195/60R16 EAGLE TOURING 89H FCA";="GOODYEAR";="EAGLE TOURING";="UNIDAD";4,000;0,000;23,000;0,000;143,80;4,000;0,000;0,000;
="1RK788H1";="195/65R15 91H ROYAL COMFORT TL M+S";="ROYAL BLACK";="ROYAL COMFORT";="UNIDAD";1,000;0,000;1,000;0,000;47,93;0,000;1,000;0,000;
="6077";="195/65R15 91V TRANSMATE TRANSERENUS ECO M+S";="TERCELO";="TRANSERENUS ECO";="UNIDAD";73,000;0,000;89,000;0,000;47,93;73,000;0,000;0,000;
="1956515CT";="195/65R15 CONTINENTAL";="CONTINENTAL";="MARCAS VARIAS";="UNIDAD";1,000;0,000;1,000;0,000;110,74;1,000;0,000;0,000;
="111469";="195/65R15 EAGLE SPORT 2 91V SL";="GOODYEAR";="EAGLE SPORT";="UNIDAD";3,000;0,000;24,000;0,000;100,83;3,000;0,000;0,000;
="110787";="195/65R15 EFFICIENTGRIP PERFORMANCE 91H SL FP";="GOODYEAR";="EFFICIENTGRIP";="UNIDAD";2,000;0,000;111,000;0,000;110,74;2,000;0,000;0,000;
="KB006";="195/65R16C 104/102T KINGBOSS G326";="KINGBOSS";="G326";="UNIDAD";92,000;0,000;92,000;0,000;69,42;80,000;12,000;0,000;
="3237";="195/70R15C 104/102R TRANSMATE WZT705 M+S";="TERCELO";="WZT705";="UNIDAD";42,000;0,000;54,000;0,000;71,90;0,000;0,000;42,000;
="3238";="195/75R16C 107/105R TRANSMATE WZT705 M+S";="TERCELO";="WZT705";="UNIDAD";8,000;0,000;18,000;0,000;77,69;0,000;4,000;4,000;
="5535";="195/75R16C 107/105S TRANSMATE TRANSEASON VAN M+S";="TERCELO";="TRANSEASON VAN";="UNIDAD";185,000;0,000;197,000;0,000;80,99;185,000;0,000;0,000;
="KB007";="195/75R16C 107/105T KINGBOSS G326";="KINGBOSS";="G326";="UNIDAD";16,000;0,000;18,000;0,000;71,07;16,000;0,000;0,000;
="3239";="195R14C 106/104Q TRANSMATE WZT705 M+S";="TERCELO";="WZT705";="UNIDAD";1,000;0,000;1,000;0,000;71,90;1,000;0,000;0,000;
="3241";="195R15C 106/104Q TRANSMATE WZT705 M+S";="TERCELO";="WZT705";="UNIDAD";42,000;0,000;50,000;0,000;71,90;42,000;0,000;0,000;
="KB004";="195R15C 106/104TKINGBOSS G326";="KINGBOSS";="G326";="UNIDAD";25,000;0,000;29,000;0,000;71,07;13,000;12,000;0,000;
="F53";="20.5-25 FORERUNNER QH808 20PR TL G-2/L-2";="FORERUNNER";="VIALES / OTR - DIAGONALES";="UNIDAD";12,000;0,000;12,000;0,000;927,22;0,000;4,000;8,000;
="F54";="20.5-25 FORERUNNER QH811 20PR TL E-3/L-3";="FORERUNNER";="VIALES / OTR - DIAGONALES";="UNIDAD";12,000;0,000;12,000;0,000;1005,06;0,000;10,000;2,000;
="20525LING";="20.5-25 L3 LING LONG E3 20T";="MARCAS VARIAS";="VARIAS MEDIDAS";="UNIDAD";1,000;0,000;1,000;0,000;3331,57;0,000;0,000;1,000;
="T1606075";="20.5-25 ND LCM L3 TL 16T";="TITAN GOODYEAR";="VIALES / OTR - DIAGONALES";="UNIDAD";4,000;0,000;4,000;0,000;1505,79;0,000;0,000;4,000;
="F40";="20.8-38 FORERUNNER QH611 12PR TT R-1";="FORERUNNER";="AGRICOLA TRACTOR TRASERO DIAGONAL";="UNIDAD";2,000;0,000;2,000;0,000;1005,06;0,000;1,000;1,000;
="F92";="20.8-38 FORERUNNER QH666 12PR TT R-1";="FORERUNNER";="AGRICOLA TRACTOR TRASERO DIAGONAL";="UNIDAD";12,000;0,000;12,000;0,000;1035,00;0,000;4,000;8,000;
="T1159309";="20.8-38 SUPREME 10T TT";="GOODYEAR";="AGRICOLA TRACTOR TRASERO DIAGONAL";="UNIDAD";4,000;0,000;4,000;0,000;1202,48;0,000;0,000;4,000;
="T1159308";="20.8-38 SUPREME 14T TT";="GOODYEAR";="AGRICOLA TRACTOR TRASERO DIAGONAL";="UNIDAD";8,000;0,000;8,000;0,000;1380,99;0,000;0,000;8,000;
="T1154902";="20.8-42 DYNA TORQUE III 14T TL";="GOODYEAR";="AGRICOLA TRACTOR TRASERO DIAGONAL";="UNIDAD";6,000;0,000;6,000;0,000;1562,88;0,000;2,000;4,000;
="118298";="205/40R17 KELLY EDGE SPORT 2 84W XL";="GOODYEAR";="KELLY";="UNIDAD";10,000;0,000;10,000;0,000;124,79;10,000;0,000;0,000;
="108737";="205/40R17 KELLY EDGE SPORT 84W XL";="GOODYEAR";="KELLY";="UNIDAD";7,000;0,000;18,000;0,000;187,46;7,000;0,000;0,000;
="101674";="205/45R17 EAGLE RSA EMT 84V";="GOODYEAR";="RUN ON FLAT";="UNIDAD";8,000;0,000;12,000;0,000;132,87;8,000;0,000;0,000;
="2054517MC";="205/45R17 MICHELIN PRIMACY 3";="FIRESTONE";="MARCAS VARIAS";="UNIDAD";1,000;0,000;0,000;0,000;231,11;1,000;0,000;0,000;
="110711";="205/45R18 EAGLE TOURING 86V SL";="GOODYEAR";="EAGLE TOURING";="UNIDAD";6,000;0,000;28,000;0,000;232,23;6,000;0,000;0,000;
="110733";="205/50R17 EAGLE TOURING 89V SL";="GOODYEAR";="EAGLE TOURING";="UNIDAD";5,000;0,000;14,000;0,000;174,38;5,000;0,000;0,000;
="109551";="205/50R17 EFFICIENTGRIP PERFORMANCE 89V";="GOODYEAR";="EFFICIENTGRIP";="UNIDAD";1,000;0,000;7,000;0,000;196,07;1,000;0,000;0,000;
="105752";="205/50R17 EFFICIENTGRIP ROF 89W";="GOODYEAR";="RUN ON FLAT";="UNIDAD";10,000;0,000;16,000;0,000;404,05;10,000;0,000;0,000;
="5029";="205/50ZR17 93W TRANSMATE SPORT D1 M+S";="TERCELO";="SPORT D1";="UNIDAD";52,000;0,000;64,000;0,000;64,46;52,000;0,000;0,000;
="6098";="205/50ZR17 93W TRANSMATE TRANSERENUS ECO M+S";="TERCELO";="TRANSERENUS ECO";="UNIDAD";23,000;0,000;35,000;0,000;58,68;23,000;0,000;0,000;
="6086";="205/55R16 91V TRANSMATE TRANSERENUS ECO M+S";="TERCELO";="TRANSERENUS ECO";="UNIDAD";307,000;0,000;368,000;0,000;49,59;303,000;4,000;0,000;
="111418";="205/55R16 EAGLE SPORT 2 91V SL";="GOODYEAR";="EAGLE SPORT";="UNIDAD";2,000;0,000;78,000;0,000;99,17;2,000;0,000;0,000;
="117785";="205/55R16 KELLY EDGE SPORT 2 91V SL";="GOODYEAR";="KELLY";="UNIDAD";4,000;0,000;8,000;0,000;96,69;4,000;0,000;0,000;
="111602";="205/55R17 WRANGLER TERRITORY HT 91V";="GOODYEAR";="WRANGLER TERRITORY";="UNIDAD";5,000;0,000;30,000;0,000;201,65;5,000;0,000;0,000;
="5050";="205/55ZR17 95W TRANSMATE SPORT D1 M+S";="TERCELO";="SPORT D1";="UNIDAD";76,000;0,000;88,000;0,000;67,77;64,000;12,000;0,000;
="6607";="205/60R15 91H TRANSMATE TOURING H7 M+S";="TERCELO";="TOURING H7";="UNIDAD";175,000;0,000;193,000;0,000;59,50;168,000;6,000;1,000;
="111442";="205/60R15 WRANGLER WORKHORSE AT 91H SL";="GOODYEAR";="WRANGLER WORKHORSE";="UNIDAD";1,000;0,000;5,000;0,000;126,45;1,000;0,000;0,000;
="2056015FT";="205/60R15FIRESTONE IREHAWK 900 91H";="FIRESTONE";="MARCAS VARIAS";="UNIDAD";1,000;0,000;6,000;0,000;51,24;1,000;0,000;0,000;
="1RK800H1";="205/60R16 92V ROYAL COMFORT TL M+S";="ROYAL BLACK";="ROYAL COMFORT";="UNIDAD";33,000;0,000;49,000;0,000;52,89;33,000;0,000;0,000;
="RK1992H1";="205/60R16 92V ROYAL MILE M+S";="ROYAL BLACK";="ROYAL MILE";="UNIDAD";1,000;0,000;1,000;0,000;52,89;1,000;0,000;0,000;
="6635";="205/60R16 92V TRANSMATE TOURING H7 M+S";="TERCELO";="TOURING H7";="UNIDAD";31,000;0,000;47,000;0,000;58,68;31,000;0,000;0,000;
="6089";="205/60R16 92V TRANSMATE TRANSERENUS ECO M+S";="TERCELO";="TRANSERENUS ECO";="UNIDAD";61,000;0,000;78,000;0,000;52,89;53,000;8,000;0,000;
="140922";="205/60R16 WRANGLER TERRITORY HT 92H SL";="GOODYEAR";="WRANGLER TERRITORY";="UNIDAD";4,000;0,000;11,000;0,000;166,94;0,000;4,000;0,000;
="111532";="205/65R16 EFFICIENTGRIP SUV 95H";="GOODYEAR";="EFFICIENTGRIP SUV";="UNIDAD";4,000;0,000;19,000;0,000;195,87;4,000;0,000;0,000;
="110751";="205/70R15  WRANGLER FORTITUDE HT 96T SL";="GOODYEAR";="WRANGLER FORTITUDE HT";="UNIDAD";2,000;0,000;6,000;0,000;130,58;2,000;0,000;0,000;
="2R449H1";="205/70R15 106/104R ROYAL COMMERCIAL TL M+S";="ROYAL BLACK";="ROYAL COMMERCIAL";="UNIDAD";2,000;0,000;3,000;0,000;77,69;0,000;2,000;0,000;
="3269";="205/70R15C 106/104R TRANSMATE WZT705 M+S";="TERCELO";="WZT705";="UNIDAD";28,000;0,000;32,000;0,000;76,03;16,000;12,000;0,000;
="5555";="205/70R15C 106/104S TRANSMATE TRANSEASON VAN M+S";="TERCELO";="TRANSEASON VAN";="UNIDAD";103,000;0,000;109,000;0,000;77,69;103,000;0,000;0,000;
="KB005";="205/70R15C 106/104T KINGBOSS G326";="KINGBOSS";="G326";="UNIDAD";48,000;0,000;48,000;0,000;67,77;48,000;0,000;0,000;
="109645";="205/70R15C CARGO MARATHON 2 106/104R";="GOODYEAR";="CARGO";="UNIDAD";4,000;0,000;9,000;0,000;214,88;4,000;0,000;0,000;
="2057515KM";="205/75R15 KUMHO AT61 97S";="KUMHO";="MARCAS VARIAS";="UNIDAD";6,000;0,000;6,000;0,000;87603,31;6,000;0,000;0,000;
="5567";="205/75R16C 113/111S TRANSMATE TRANSEASON VAN M+S";="TERCELO";="TRANSEASON VAN";="UNIDAD";7,000;0,000;7,000;0,000;92,56;0,000;7,000;0,000;
="111383";="205R16C WRANGLER WORKHORSE AT 110/108T D";="GOODYEAR";="WRANGLER WORKHORSE";="UNIDAD";3,000;0,000;19,000;0,000;213,22;3,000;0,000;0,000;
="F83";="20X8.00-8-4PR TL FORERRUNER WAVE";="FORERUNNER";="WAVE";="UNIDAD";72,000;0,000;72,000;0,000;38,49;38,000;4,000;30,000;
="105326";="215/40R17 EFFICIENTGRIP PERFORMANCE 87W";="GOODYEAR";="EFFICIENTGRIP";="UNIDAD";12,000;0,000;14,000;0,000;286,36;12,000;0,000;0,000;
="108303";="215/45R16 EFFICIENTGRIP PERFORMANCE 90V";="GOODYEAR";="EFFICIENTGRIP";="UNIDAD";2,000;0,000;8,000;0,000;184,30;2,000;0,000;0,000;
="108701";="215/45R17 EFFICIENTGRIP PERFORMANCE 91V";="GOODYEAR";="EFFICIENTGRIP";="UNIDAD";3,000;0,000;24,000;0,000;190,08;3,000;0,000;0,000;
="141352";="215/45R18 WRANGLER TERRITORY HT 93V XL F";="GOODYEAR";="WRANGLER TERRITORY";="UNIDAD";4,000;0,000;4,000;0,000;206,61;4,000;0,000;0,000;
="5030";="215/45ZR17 91W TRANSMATE SPORT D1 M+S XL";="TERCELO";="SPORT D1";="UNIDAD";137,000;0,000;149,000;0,000;61,98;87,000;0,000;50,000;
="117862";="215/50R17 EAGLE SPORT 2 91V SL";="GOODYEAR";="EAGLE SPORT";="UNIDAD";5,000;0,000;11,000;0,000;133,88;5,000;0,000;0,000;
="118094";="215/50R17 EFFICIENTGRIP PERFORMANCE 91V";="GOODYEAR";="EFFICIENTGRIP";="UNIDAD";5,000;0,000;56,000;0,000;148,76;5,000;0,000;0,000;
="5031";="215/50ZR17 95W TRANSMATE SPORT D1 M+S";="TERCELO";="SPORT D1";="UNIDAD";66,000;0,000;74,000;0,000;69,42;0,000;0,000;66,000;
="6731";="215/50ZR17 95W TRANSMATE TOURING H7 M+S";="TERCELO";="TOURING H7";="UNIDAD";62,000;0,000;68,000;0,000;66,12;60,000;2,000;0,000;
="6101";="215/50ZR17 95W TRANSMATE TRANSERENUS ECO M+S XL";="TERCELO";="TRANSERENUS ECO";="UNIDAD";102,000;0,000;122,000;0,000;62,81;66,000;0,000;36,000;
="107263";="215/55R16 EFFICIENTGRIP PERFORMANCE 93V";="GOODYEAR";="EFFICIENTGRIP";="UNIDAD";1,000;0,000;2,000;0,000;173,55;1,000;0,000;0,000;
="4358";="215/55R18 99V TRANSMATE SOLITUDE M+S";="TERCELO";="SOLITUDE";="UNIDAD";3,000;0,000;3,000;0,000;74,38;3,000;0,000;0,000;
="3286";="215/55R18 99V TRANSMATE WZD105 M+S";="TERCELO";="WZD105";="UNIDAD";14,000;0,000;22,000;0,000;78,51;0,000;14,000;0,000;
="117854";="215/60R16 95V SL WRANGLER FORTITUDE HT";="GOODYEAR";="WRANGLER FORTITUDE HT";="UNIDAD";4,000;0,000;4,000;0,000;159,50;4,000;0,000;0,000;
="106659";="215/60R16 EFFICIENTGRIP PERFORMANCE 99W";="GOODYEAR";="EFFICIENTGRIP";="UNIDAD";7,000;0,000;19,000;0,000;146,36;7,000;0,000;0,000;
="2156016KM";="215/60R16 KUMHO ES31 95V";="KUMHO";="MARCAS VARIAS";="UNIDAD";4,000;0,000;4,000;0,000;62,81;4,000;0,000;0,000;
="4359";="215/60R17 96H TRANSMATE SOLITUDE M+S";="TERCELO";="SOLITUDE";="UNIDAD";6,000;0,000;16,000;0,000;72,73;0,000;6,000;0,000;
="110740";="215/65R16  WRANGLER FORTITUDE HT 102H XL";="GOODYEAR";="WRANGLER FORTITUDE HT";="UNIDAD";4,000;0,000;12,000;0,000;147,11;0,000;4,000;0,000;
="3303";="215/70R15C 109/107S TRANSMATE WZT705 M+S";="TERCELO";="WZT705";="UNIDAD";19,000;0,000;23,000;0,000;76,03;19,000;0,000;0,000;
="RK601H1";="215/70R16 100H ROYAL SPORT TL M+S";="ROYAL BLACK";="ROYAL SPORT";="UNIDAD";3,000;0,000;5,000;0,000;95,04;1,000;2,000;0,000;
="3305";="215/70R16 100H TRANSMATE WZD105 M+S";="TERCELO";="WZD105";="UNIDAD";5,000;0,000;9,000;0,000;81,82;2,000;3,000;0,000;
="110762";="215/70R16 WRANGLERL FORTITUDE HT 100H SL";="GOODYEAR";="WRANGLER FORTITUDE HT";="UNIDAD";5,000;0,000;19,000;0,000;181,82;5,000;0,000;0,000;
="AR7971902HD";="215/75R17.5 ARIVO BUFFALO ARST1 135/133J";="ARIVO";="DIRECCION";="UNIDAD";4,000;0,000;4,000;0,000;135,15;0,000;4,000;0,000;
="123345";="215/75R17.5 REG. RHS 126/124L";="GOODYEAR";="DIRECCION";="UNIDAD";8,000;0,000;68,000;0,000;258,10;8,000;0,000;0,000;
="123313";="215/75R17.5 REGIONAL RHD 126/124L F TL";="GOODYEAR";="TRACCION";="UNIDAD";21,000;0,000;29,000;0,000;274,46;4,000;0,000;17,000;
="7500413";="215/75R17.5 ROYAL BLACK RD801 18PR 135/133J M+S";="ROYAL BLACK";="TRACCION";="UNIDAD";17,000;0,000;21,000;0,000;179,63;1,000;16,000;0,000;
="7500412";="215/75R17.5 ROYAL BLACK RS201 18PR 135/133J M+S";="ROYAL BLACK";="DIRECCION";="UNIDAD";532,000;0,000;546,000;0,000;171,07;4,000;4,000;524,000;
="123344";="215/75R17.5 STEELMARK AGS 126/124L";="GOODYEAR";="DIRECCION";="UNIDAD";37,000;0,000;67,000;0,000;219,01;6,000;0,000;31,000;
="111435";="215/80R16 WRANGLER WORKHORSE AT 107S XL";="GOODYEAR";="WRANGLER WORKHORSE";="UNIDAD";4,000;0,000;31,000;0,000;181,82;4,000;0,000;0,000;
="110098";="225/35R19 EAGLE F1 ASYMMETRIC 5 XL 88Y";="GOODYEAR";="ASYMMETRIC";="UNIDAD";4,000;0,000;4,000;0,000;370,98;4,000;0,000;0,000;
="117789";="225/35R20 KELLY EDGE SPORT 2 90V XL";="GOODYEAR";="KELLY";="UNIDAD";4,000;0,000;4,000;0,000;257,02;4,000;0,000;0,000;
="107510";="225/40R18  EAGLE SPORT ALL SEASON 92W";="GOODYEAR";="EAGLE SPORT";="UNIDAD";8,000;0,000;9,000;0,000;213,93;8,000;0,000;0,000;
="105470";="225/40R18 EAGLE F1 ASYMMETRIC 2 ROF 88Y";="GOODYEAR";="RUN ON FLAT";="UNIDAD";4,000;0,000;7,000;0,000;316,53;4,000;0,000;0,000;
="108461";="225/40R18 EAGLE F1 ASYMMETRIC 3 92Y";="GOODYEAR";="ASYMMETRIC";="UNIDAD";12,000;0,000;20,000;0,000;344,24;12,000;0,000;0,000;
="106565";="225/40R18 EFFICIENTGRIP PERFORMANCE 92W XL";="GOODYEAR";="EFFICIENTGRIP";="UNIDAD";3,000;0,000;6,000;0,000;194,21;3,000;0,000;0,000;
="5034";="225/40ZR18 92W TRANSMATE SPORT D1 M+S";="TERCELO";="SPORT D1";="UNIDAD";45,000;0,000;59,000;0,000;68,60;7,000;0,000;38,000;
="107629";="225/45R17 EFFICIENTGRIP PERFORMANCE 94W";="GOODYEAR";="EFFICIENTGRIP";="UNIDAD";6,000;0,000;70,000;0,000;139,67;4,000;2,000;0,000;
="103470";="225/45R17 EXCELLENCE ROF 91Y";="GOODYEAR";="RUN ON FLAT";="UNIDAD";3,000;0,000;5,000;0,000;260,33;3,000;0,000;0,000;
="6787";="225/45R18 95W TRANSMATE TOURINGH H7 M+S";="TERCELO";="TOURING H7";="UNIDAD";124,000;0,000;138,000;0,000;68,60;116,000;8,000;0,000;
="2R082H1";="225/45ZR17 94W EXTRA LOAD XL ROYAL PERFORMANCE TL M+S";="ROYAL BLACK";="ROYAL PERFORMANCE";="UNIDAD";96,000;0,000;104,000;0,000;62,81;81,000;15,000;0,000;
="5035";="225/45ZR17 94W TRANSMATE SPORT D1 M+S XL";="TERCELO";="SPORT D1";="UNIDAD";170,000;0,000;194,000;0,000;62,81;53,000;10,000;107,000;
="6747";="225/45ZR17 94W TRANSMATE TOURING H7 M+S";="TERCELO";="TOURING H7";="UNIDAD";22,000;0,000;26,000;0,000;61,98;16,000;6,000;0,000;
="5036";="225/45ZR18 95W TRANSMATE SPORT D1 M+S";="TERCELO";="SPORT D1";="UNIDAD";94,000;0,000;102,000;0,000;71,07;46,000;0,000;48,000;
="111467";="225/50R17 EAGLE SPORT 2 94V SL";="GOODYEAR";="EAGLE SPORT";="UNIDAD";8,000;0,000;20,000;0,000;176,03;8,000;0,000;0,000;
="117853";="225/50R18 95V SL WRANGLER TERRITORY HT";="GOODYEAR";="WRANGLER TERRITORY";="UNIDAD";2,000;0,000;6,000;0,000;206,53;2,000;0,000;0,000;
="6107";="225/50ZR17 98W TRANSMATE TRANSERENUS ECO M+S";="TERCELO";="TRANSERENUS ECO";="UNIDAD";96,000;0,000;108,000;0,000;62,81;20,000;2,000;74,000;
="106698";="225/55R16 EFFICIENTGRIP PERFORMANCE 95W";="GOODYEAR";="EFFICIENTGRIP";="UNIDAD";12,000;0,000;27,000;0,000;200,83;12,000;0,000;0,000;
="RK632H1";="225/55R18 98H ROYAL SPORT TL M+S";="ROYAL BLACK";="ROYAL SPORT";="UNIDAD";136,000;0,000;140,000;0,000;76,86;0,000;0,000;136,000;
="5005";="225/55R18 98V TRANSMATE SPORT D1 M+S";="TERCELO";="SPORT D1";="UNIDAD";46,000;0,000;46,000;0,000;81,82;16,000;0,000;30,000;
="6819";="225/55R18 98V TRANSMATE TOURINGH H7 M+S";="TERCELO";="TOURING H7";="UNIDAD";37,000;0,000;45,000;0,000;76,03;37,000;0,000;0,000;
="4360";="225/60R17 99H TRANSMATE SOLITUDE M+S";="TERCELO";="SOLITUDE";="UNIDAD";62,000;0,000;75,000;0,000;81,82;32,000;0,000;30,000;
="110752";="225/60R17 WRANGLER FORTITUDE HT 103H XL";="GOODYEAR";="WRANGLER FORTITUDE HT";="UNIDAD";16,000;0,000;16,000;0,000;248,76;16,000;0,000;0,000;
="4453";="225/60R18 100H TRANSMATE SOLITUDE M+S";="TERCELO";="SOLITUDE";="UNIDAD";74,000;0,000;86,000;0,000;83,47;66,000;8,000;0,000;
="117855";="225/60R18 WRANGLER FORTITUDE HT 104H XL";="GOODYEAR";="WRANGLER FORTITUDE HT";="UNIDAD";10,000;0,000;14,000;0,000;186,78;10,000;0,000;0,000;
="3347";="225/65R16C 112/110R TRANSMATE WZT705 M+S";="TERCELO";="WZT705";="UNIDAD";130,000;0,000;138,000;0,000;92,56;34,000;4,000;92,000;
="5527";="225/65R16C 112/110S TRANSMATE TRANSEASON VAN M+S";="TERCELO";="TRANSEASON VAN";="UNIDAD";119,000;0,000;129,000;0,000;91,74;119,000;0,000;0,000;
="105705";="225/65R16C G32 CARGO 112R";="GOODYEAR";="CARGO";="UNIDAD";14,000;0,000;81,000;0,000;230,58;2,000;12,000;0,000;
="NREPARADA2R144H1";="225/65R17 102H ROYAL SPORT TL M+S NUEVA REPARADA";="ROYAL BLACK";="ROYAL SPORT";="UNIDAD";1,000;0,000;1,000;0,000;88,42;1,000;0,000;0,000;
="4361";="225/65R17 102H TRANSMATE SOLITUDE M+S";="TERCELO";="SOLITUDE";="UNIDAD";150,000;0,000;165,000;0,000;81,82;0,000;4,000;146,000;
="107890";="225/65R17 EFFICIENTGRIP SUV 102H";="GOODYEAR";="EFFICIENTGRIP SUV";="UNIDAD";8,000;0,000;34,000;0,000;206,61;8,000;0,000;0,000;
="110744";="225/65R17 WRANGLER FORTITUDE HT 102H SL";="GOODYEAR";="WRANGLER FORTITUDE HT";="UNIDAD";4,000;0,000;8,000;0,000;183,97;4,000;0,000;0,000;
="3352";="225/70R15C 112/110S TRANSMATE WZT705 M+S";="TERCELO";="WZT705";="UNIDAD";5,000;0,000;11,000;0,000;94,21;0,000;5,000;0,000;
="109647";="225/70R15C CARGO MARATHON 2 112/110R";="GOODYEAR";="CARGO";="UNIDAD";8,000;0,000;9,000;0,000;229,75;8,000;0,000;0,000;
="102310";="225/70R15C G32 CARGO 112/110R";="GOODYEAR";="CARGO";="UNIDAD";1,000;0,000;7,000;0,000;272,77;1,000;0,000;0,000;
="3355";="225/70R17 108T TRANSMATE WZD105 M+S";="TERCELO";="WZD105";="UNIDAD";57,000;0,000;85,000;0,000;95,87;54,000;3,000;0,000;
="3356";="225/75R15 102H TRANSMATE WZD105 M+S";="TERCELO";="WZD105";="UNIDAD";56,000;0,000;66,000;0,000;85,95;22,000;0,000;34,000;
="111434";="225/75R15 WRANGLER WORKHORSE AT 106S XL";="GOODYEAR";="WRANGLER WORKHORSE";="UNIDAD";4,000;0,000;4,000;0,000;156,20;4,000;0,000;0,000;
="3357";="225/75R15LT 108/104S TRANSMATE WZR505 M+S";="TERCELO";="WZR505";="UNIDAD";58,000;0,000;62,000;0,000;100,00;20,000;8,000;30,000;
="X1150153";="23.1-26 DYNA TORQUE III R1 TL 12T";="GOODYEAR";="AGRICOLA TRACTOR TRASERO DIAGONAL";="UNIDAD";3,000;0,000;3,000;0,000;1298,14;0,000;0,000;3,000;
="T1150153";="23.1-26 DYNA TORQUE III R1 TL 12T";="GOODYEAR";="AGRICOLA TRACTOR TRASERO DIAGONAL";="UNIDAD";1,000;0,000;1,000;0,000;1298,14;0,000;0,000;1,000;
="23126FI";="23.1-26 FIRESTONE FORESTRY SPECIAL 14T";="MARCAS VARIAS";="VARIAS MEDIDAS";="UNIDAD";1,000;0,000;1,000;0,000;4103,44;0,000;0,000;1,000;
="F26";="23.1-26 FORERUNNER QH611 12PR TT R-1";="FORERUNNER";="AGRICOLA TRACTOR TRASERO DIAGONAL";="UNIDAD";5,000;0,000;5,000;0,000;893,86;0,000;4,000;1,000;
="T1153810";="23.1-30 ALL WEATHER R3 TT 12T";="GOODYEAR";="AGRICOLA TRACTOR TRASERO DIAGONAL";="UNIDAD";2,000;0,000;2,000;0,000;1286,78;0,000;1,000;1,000;
="T1150132";="23.1-30 DYNA TORQUE III R1 TT 12T";="GOODYEAR";="AGRICOLA TRACTOR TRASERO DIAGONAL";="UNIDAD";4,000;0,000;4,000;0,000;1189,26;0,000;1,000;3,000;
="ADV23525L3";="23.5-25 ADVANCE SDLG 16PR TT";="MARCAS VARIAS";="VIALES / OTR - DIAGONALES";="UNIDAD";2,000;0,000;2,000;0,000;1646859,50;0,000;0,000;2,000;
="F55";="23.5-25 FORERUNNER QH808 20PR TL G-2/L-2";="FORERUNNER";="VIALES / OTR - DIAGONALES";="UNIDAD";26,000;0,000;26,000;0,000;1214,63;0,000;4,000;22,000;
="F56";="23.5-25 FORERUNNER QH811 20PR TL E-3/L-3";="FORERUNNER";="VIALES / OTR - DIAGONALES";="UNIDAD";8,000;0,000;8,000;0,000;1291,61;4,000;4,000;0,000;
="F90";="23.5-25 FORERUNNER QH815 20PR TL L5";="FORERUNNER";="VIALES / OTR - DIAGONALES";="UNIDAD";15,000;0,000;15,000;0,000;2247,92;4,000;4,000;7,000;
="180090";="23.5-25 HRL3A LGE3 4S 16PR";="GOODYEAR";="VIALES";="UNIDAD";12,000;0,000;12,000;0,000;1276,25;0,000;4,000;8,000;
="LDW23525L3";="23.5-25 LEADWAY SDLG 18PR TT";="MARCAS VARIAS";="VIALES / OTR - DIAGONALES";="UNIDAD";2,000;0,000;2,000;0,000;1404958,68;0,000;0,000;2,000;
="T1606074";="23.5-25 ND LCM E-3 E3 TL 16T ";="TITAN GOODYEAR";="VIALES / OTR - DIAGONALES";="UNIDAD";6,000;0,000;6,000;0,000;1884,30;0,000;0,000;6,000;
="118376";="235/35R19 EAGLE F1 ASYMMETRIC 6 91Y XL F";="GOODYEAR";="ASYMMETRIC";="UNIDAD";4,000;0,000;4,000;0,000;243,80;4,000;0,000;0,000;
="104534";="235/40R18 EAGLE F1 ASYMMETRIC 2 95Y";="GOODYEAR";="ASYMMETRIC";="UNIDAD";1,000;0,000;4,000;0,000;351,75;1,000;0,000;0,000;
="118286";="235/40R18 EAGLE F1 ASYMMETRIC 6 95Y XL F";="GOODYEAR";="ASYMMETRIC";="UNIDAD";4,000;0,000;8,000;0,000;219,01;4,000;0,000;0,000;
="108360";="235/40ZR19 EAGLE F1 ASYMMETRIC 2 92Y";="GOODYEAR";="ASYMMETRIC";="UNIDAD";4,000;0,000;4,000;0,000;401,03;4,000;0,000;0,000;
="5042";="235/45R18 98Y TRANSMATE SPORT D1 M+S";="TERCELO";="SPORT D1";="UNIDAD";87,000;0,000;97,000;0,000;79,34;63,000;4,000;20,000;
="110895";="235/45R19 WRANGLER TERRITORY VW 95V SL";="GOODYEAR";="WRANGLER TERRITORY";="UNIDAD";5,000;0,000;31,000;0,000;285,95;5,000;0,000;0,000;
="5041";="235/45ZR17 97W TRANSMATE SPORT D1 M+S";="TERCELO";="SPORT D1";="UNIDAD";24,000;0,000;28,000;0,000;71,07;0,000;0,000;24,000;
="2354517KM";="235/45ZR17 97Y KUMHO";="KUMHO";="MARCAS VARIAS";="UNIDAD";4,000;0,000;4,000;0,000;205785,12;4,000;0,000;0,000;
="6795";="235/45ZR18 98Y TRANSMATE TOURING H7 M+S";="TERCELO";="TOURING H7";="UNIDAD";50,000;0,000;61,000;0,000;74,38;50,000;0,000;0,000;
="5007";="235/45ZR19 99W TRANSMATE SPORT D1 M+S";="TERCELO";="SPORT D1";="UNIDAD";42,000;0,000;54,000;0,000;84,30;30,000;0,000;12,000;
="107499";="235/50R18  EAGLE SPORT ALL SEASON 97W";="GOODYEAR";="EAGLE SPORT";="UNIDAD";10,000;0,000;15,000;0,000;268,78;10,000;0,000;0,000;
="110580";="235/50R18 ASSURANCE FUEL MAX AW 97H SL F";="GOODYEAR";="ASSURANCE FUEL MAX";="UNIDAD";1,000;0,000;9,000;0,000;313,22;1,000;0,000;0,000;
="4449";="235/50ZR18 101W TRANSMATE SOLITUDE M+S";="TERCELO";="SOLITUDE";="UNIDAD";6,000;0,000;14,000;0,000;88,43;0,000;0,000;6,000;
="110756";="235/55R17 WRANGLERL FORTITUDE HT 99V SL";="GOODYEAR";="WRANGLER FORTITUDE HT";="UNIDAD";24,000;0,000;36,000;0,000;278,51;24,000;0,000;0,000;
="4363";="235/55R18 100H TRANSMATE SOLITUDE M+S";="TERCELO";="SOLITUDE";="UNIDAD";29,000;0,000;41,000;0,000;85,12;29,000;0,000;0,000;
="108772";="235/55R18 EFFICIENTGRIP SUV 104V XL";="GOODYEAR";="EFFICIENTGRIP SUV";="UNIDAD";3,000;0,000;7,000;0,000;238,84;3,000;0,000;0,000;
="5008";="235/55R19 105W TRANSMATE SPORT D1 M+S";="TERCELO";="SPORT D1";="UNIDAD";27,000;0,000;35,000;0,000;92,56;23,000;0,000;4,000;
="5045";="235/55ZR17 103W TRANSMATE SPORT D1 M+S";="TERCELO";="SPORT D1";="UNIDAD";6,000;0,000;18,000;0,000;79,34;0,000;0,000;6,000;
="110743";="235/60R16 WRANGLERL FORTITUDE HT 100H SL";="GOODYEAR";="WRANGLER FORTITUDE HT";="UNIDAD";4,000;0,000;14,000;0,000;185,12;4,000;0,000;0,000;
="107886";="235/60R17 EFFICIENTGRIP SUV 102H";="GOODYEAR";="EFFICIENTGRIP SUV";="UNIDAD";15,000;0,000;16,000;0,000;244,63;15,000;0,000;0,000;
="110753";="235/60R17 WRANGLER FORTITUDE HT 102V SL";="GOODYEAR";="WRANGLER FORTITUDE HT";="UNIDAD";4,000;0,000;6,000;0,000;224,79;4,000;0,000;0,000;
="2356017YH";="235/60R17 YOKOHAMA";="YOKOHAMA";="MARCAS VARIAS";="UNIDAD";2,000;0,000;2,000;0,000;62,81;2,000;0,000;0,000;
="4364";="235/60R18 103H TRANSMATE SOLITUDE M+S";="TERCELO";="SOLITUDE";="UNIDAD";47,000;0,000;55,000;0,000;97,52;27,000;0,000;20,000;
="108592";="235/60R18 EAGLE F1 ASYMMETRIC SUV 103W";="GOODYEAR";="EAGLE ASYMETRIC SUV";="UNIDAD";4,000;0,000;8,000;0,000;285,12;4,000;0,000;0,000;
="110741";="235/60R18 WRANGLER FORTITUDE HT 103V SL";="GOODYEAR";="WRANGLER FORTITUDE HT";="UNIDAD";3,000;0,000;9,000;0,000;219,01;3,000;0,000;0,000;
="118183";="235/60R18 WRANGLER TERRITORY HT 107H XL";="GOODYEAR";="WRANGLER TERRITORY";="UNIDAD";6,000;0,000;10,000;0,000;218,68;6,000;0,000;0,000;
="KB009";="235/65R16C 115/113T KINGBOSS G326";="KINGBOSS";="G326";="UNIDAD";31,000;0,000;35,000;0,000;85,12;31,000;0,000;0,000;
="111330";="235/65R16C CARGO MARATHON 2 121/119R E";="GOODYEAR";="CARGO";="UNIDAD";11,000;0,000;20,000;0,000;255,37;11,000;0,000;0,000;
="4362";="235/65R17 104H TRANSMATE SOLITUDE M+S";="TERCELO";="SOLITUDE";="UNIDAD";190,000;0,000;198,000;0,000;94,21;168,000;0,000;22,000;
="RK437H1";="235/65R17 108H EXTRA LOAD XL ROYAL PERFORMANCE TL M+S";="ROYAL BLACK";="ROYAL PERFORMANCE";="UNIDAD";102,000;0,000;104,000;0,000;94,21;53,000;4,000;45,000;
="110750";="235/65R17 WRANGLER FORTITUDE HT 104V SL";="GOODYEAR";="WRANGLER FORTITUDE HT";="UNIDAD";33,000;0,000;45,000;0,000;226,45;33,000;0,000;0,000;
="3393";="235/70R16 104T TRANSMATE WZR505 M+S";="TERCELO";="WZR505";="UNIDAD";30,000;0,000;42,000;0,000;97,52;30,000;0,000;0,000;
="111433";="235/70R16 WRANGLER WORKHORSE AT 109T XL";="GOODYEAR";="WRANGLER WORKHORSE";="UNIDAD";8,000;0,000;19,000;0,000;203,31;8,000;0,000;0,000;
="2357515FA";="235/75R15 FATE RANGE RUNNER MT";="FATE";="MARCAS VARIAS";="UNIDAD";1,000;0,000;1,000;0,000;95,87;1,000;0,000;0,000;
="107446";="235/75R15 WRANGLER ARMORTRAC 109S XL";="GOODYEAR";="WRANGLER ARMORTRAC";="UNIDAD";1,000;0,000;37,000;0,000;189,96;1,000;0,000;0,000;
="3397";="235/75R15LT 110/107S TRANSMATE WZR505 M+S";="TERCELO";="WZR505";="UNIDAD";6,000;0,000;8,000;0,000;108,26;0,000;6,000;0,000;
="AR7971002HD";="235/75R17.5 ARIVO BUFFALO ARST1 143/141J";="ARIVO";="DIRECCION";="UNIDAD";40,000;0,000;40,000;0,000;171,93;26,000;14,000;0,000;
="T1153813";="24.5-32 ALL WEATHER R3 TL 14T";="GOODYEAR";="AGRICOLA TRACTOR TRASERO DIAGONAL";="UNIDAD";4,000;0,000;4,000;0,000;1529,75;0,000;1,000;3,000;
="X1153813";="24.5-32 ALL WEATHER R3 TL 14T";="GOODYEAR";="AGRICOLA TRACTOR TRASERO DIAGONAL";="UNIDAD";2,000;0,000;2,000;0,000;1527,27;0,000;0,000;2,000;
="T1150142";="24.5-32 DYNA TORQUE III  R1 TT 12T";="GOODYEAR";="AGRICOLA TRACTOR TRASERO DIAGONAL";="UNIDAD";4,000;0,000;5,000;0,000;1541,32;0,000;0,000;4,000;
="108514";="245/35R18 EAGLE F1 ASYMMETRIC 3 92Y";="GOODYEAR";="ASYMMETRIC";="UNIDAD";1,000;0,000;5,000;0,000;365,87;1,000;0,000;0,000;
="110193";="245/40R18 EAGLE F1 ASYMMETRIC 3 97Y";="GOODYEAR";="ASYMMETRIC";="UNIDAD";3,000;0,000;3,000;0,000;212,60;3,000;0,000;0,000;
="106870";="245/40R18 EFFICIENTGRIP PERFORMANCE 97W XL";="GOODYEAR";="EFFICIENTGRIP";="UNIDAD";4,000;0,000;8,000;0,000;232,23;4,000;0,000;0,000;
="5047";="245/40ZR18 97Y TRANSMATE SPORT D1 M+S";="TERCELO";="SPORT D1";="UNIDAD";25,000;0,000;31,000;0,000;78,51;9,000;0,000;16,000;
="108410";="245/40ZR20 EAGLE F1 ASYMM 3 ROF 95Y";="GOODYEAR";="RUN ON FLAT";="UNIDAD";6,000;0,000;6,000;0,000;723,58;6,000;0,000;0,000;
="2454518YH";="245/45R18 100W AE51 YOKOHAMA";="YOKOHAMA";="MARCAS VARIAS";="UNIDAD";4,000;0,000;4,000;0,000;333884,30;4,000;0,000;0,000;
="108586";="245/45R18 EAGLE F1 ASYMMETRIC 3 100Y";="GOODYEAR";="ASYMMETRIC";="UNIDAD";6,000;0,000;8,000;0,000;187,41;6,000;0,000;0,000;
="106189";="245/45R18 EFFICIENTGRIP ROF 96Y";="GOODYEAR";="RUN ON FLAT";="UNIDAD";4,000;0,000;4,000;0,000;625,65;4,000;0,000;0,000;
="103148";="245/45R19 EXCELLENCE ROF 98Y";="GOODYEAR";="RUN ON FLAT";="UNIDAD";3,000;0,000;4,000;0,000;292,83;3,000;0,000;0,000;
="5048";="245/45ZR17 99W TRANSMATE SPORT D1 M+S";="TERCELO";="SPORT D1";="UNIDAD";46,000;0,000;54,000;0,000;75,21;0,000;8,000;38,000;
="5049";="245/45ZR18 100W TRANSMATE SPORT D1 M+S";="TERCELO";="SPORT D1";="UNIDAD";88,000;0,000;92,000;0,000;79,34;50,000;2,000;36,000;
="6811";="245/45ZR18 100W TRANSMATE TOURING H7 M+S";="TERCELO";="TOURING H7";="UNIDAD";48,000;0,000;48,000;0,000;75,21;48,000;0,000;0,000;
="118497";="245/50R18 EFFICIENTGRIP 100W MOEXTENDED SL RO";="GOODYEAR";="EFFICIENTGRIP";="UNIDAD";4,000;0,000;4,000;0,000;366,94;4,000;0,000;0,000;
="4610";="245/60R18 105V TRANSMATE SOLITUDE M+S";="TERCELO";="SOLITUDE";="UNIDAD";60,000;0,000;60,000;0,000;100,83;30,000;18,000;12,000;
="107888";="245/60R18 EFFICIENTGRIP SUV 105H";="GOODYEAR";="EFFICIENTGRIP SUV";="UNIDAD";4,000;0,000;4,000;0,000;246,28;4,000;0,000;0,000;
="100773";="245/60R18 WRANGLER HP AW 105H ***";="GOODYEAR";="HP";="UNIDAD";8,000;0,000;8,000;0,000;565,15;8,000;0,000;0,000;
="2456517TR";="245/65R17 TRIANGLE TR527";="TRIANGLE";="MARCAS VARIAS";="UNIDAD";2,000;0,000;2,000;0,000;49,59;2,000;0,000;0,000;
="111437";="245/65R17 WRANGLER WORKHORSE AT 111H XL";="GOODYEAR";="WRANGLER WORKHORSE";="UNIDAD";1,000;0,000;29,000;0,000;195,87;1,000;0,000;0,000;
="3421";="245/70R16 111T TRANSMATE WZR505 M+S";="TERCELO";="WZR505";="UNIDAD";4,000;0,000;16,000;0,000;100,83;0,000;4,000;0,000;
="111430";="245/70R16 WRANGLER WORKHORSE AT 113/110 T";="GOODYEAR";="WRANGLER WORKHORSE";="UNIDAD";2,000;0,000;26,000;0,000;209,09;2,000;0,000;0,000;
="3426";="245/75R16LT 120/116S TRANSMATE WZR505 M+S";="TERCELO";="WZR505";="UNIDAD";6,000;0,000;12,000;0,000;125,62;6,000;0,000;0,000;
="109805";="255/35R18 EAGLE F1 ASYMMETRIC 2 ROF 90Y";="GOODYEAR";="RUN ON FLAT";="UNIDAD";4,000;0,000;4,000;0,000;606,53;4,000;0,000;0,000;
="108552";="255/35R18 EAGLE F1 ASYMMETRIC 3 94Y";="GOODYEAR";="ASYMMETRIC";="UNIDAD";12,000;0,000;16,000;0,000;236,36;12,000;0,000;0,000;
="108551";="255/35R19 EAGLE F1 ASYMMETRIC 3 96Y";="GOODYEAR";="ASYMMETRIC";="UNIDAD";8,000;0,000;11,000;0,000;416,12;8,000;0,000;0,000;
="110263";="255/40R19 EAGLE F1 ASYMMETRIC 3 XL 100Y";="GOODYEAR";="ASYMMETRIC";="UNIDAD";6,000;0,000;8,000;0,000;423,58;6,000;0,000;0,000;
="105323";="255/45R18 EFFICIENTGRIP PERFORMANCE 99Y";="GOODYEAR";="EFFICIENTGRIP";="UNIDAD";8,000;0,000;11,000;0,000;393,59;8,000;0,000;0,000;
="105232";="255/45R20 EFFICIENTGRIP ROF 101Y";="GOODYEAR";="RUN ON FLAT";="UNIDAD";8,000;0,000;8,000;0,000;761,32;8,000;0,000;0,000;
="5015";="255/45ZR18 99W TRANSMATE SPORT D1 M+S";="TERCELO";="SPORT D1";="UNIDAD";34,000;0,000;34,000;0,000;83,47;18,000;16,000;0,000;
="110542";="255/50R19 EAGLE F1 ASYMMETRIC SUV 4X4 ROF";="GOODYEAR";="RUN ON FLAT";="UNIDAD";4,000;0,000;4,000;0,000;482,92;4,000;0,000;0,000;
="105231";="255/50R19 EFFICIENTGRIP ROF 103Y";="GOODYEAR";="RUN ON FLAT";="UNIDAD";6,000;0,000;7,000;0,000;330,58;6,000;0,000;0,000;
="2555019HK";="255/50R19 HANKOOK";="HANKOOK";="MARCAS VARIAS";="UNIDAD";1,000;0,000;0,000;0,000;543,57;1,000;0,000;0,000;
="111440";="255/50R20 WRANGLER WORKHORSE AT 109T XL";="GOODYEAR";="WRANGLER WORKHORSE";="UNIDAD";4,000;0,000;12,000;0,000;319,01;4,000;0,000;0,000;
="4457";="255/50ZR19 107W TRANSMATE SOLITUDE M+S";="TERCELO";="SOLITUDE";="UNIDAD";78,000;0,000;94,000;0,000;100,00;62,000;16,000;0,000;
="106245";="255/55R18 EAGLE F1 ASYMMETRIC SUV 109Y XL";="GOODYEAR";="EAGLE ASYMETRIC SUV";="UNIDAD";8,000;0,000;8,000;0,000;224,08;8,000;0,000;0,000;
="107892";="255/55R19 EFFICIENTGRIP SUV 111V";="GOODYEAR";="EFFICIENTGRIP SUV";="UNIDAD";3,000;0,000;15,000;0,000;309,09;3,000;0,000;0,000;
="4613";="255/55R20 110V TRANSMATE SOLITUDE M+S";="TERCELO";="SOLITUDE";="UNIDAD";39,000;0,000;51,000;0,000;114,88;3,000;10,000;26,000;
="111690";="255/55R20 WRANGLER TERRITORY HT 110V XL";="GOODYEAR";="WRANGLER TERRITORY";="UNIDAD";14,000;0,000;23,000;0,000;465,29;14,000;0,000;0,000;
="105401";="255/60R17 EAGLE F1 ASYMMETRIC SUV 106V";="GOODYEAR";="EAGLE ASYMETRIC SUV";="UNIDAD";8,000;0,000;8,000;0,000;374,40;8,000;0,000;0,000;
="2556018BR";="255/60R18 BRIDGESTONE 108H";="BRIDGESTONE";="MARCAS VARIAS";="UNIDAD";1,000;0,000;0,000;0,000;839,51;1,000;0,000;0,000;
="111436";="255/60R18 WRANGLER WORKHORSE AT 112T XL";="GOODYEAR";="WRANGLER WORKHORSE";="UNIDAD";8,000;0,000;8,000;0,000;222,31;8,000;0,000;0,000;
="111447";="255/65R17 WRANGLER WORKHORSE AT 110H SL";="GOODYEAR";="WRANGLER WORKHORSE";="UNIDAD";4,000;0,000;8,000;0,000;233,88;4,000;0,000;0,000;
="110746";="255/70R16  WRANGLER FORTITUDE HT 111H SL";="GOODYEAR";="WRANGLER FORTITUDE HT";="UNIDAD";2,000;0,000;10,000;0,000;195,04;2,000;0,000;0,000;
="3446";="255/70R16 109T TRANSMATE WZR505 M+S";="TERCELO";="WZR505";="UNIDAD";13,000;0,000;29,000;0,000;110,74;1,000;12,000;0,000;
="116527";="255/70R16 WRANGLER WORKHORSE AT 115T XL";="GOODYEAR";="WRANGLER WORKHORSE";="UNIDAD";4,000;0,000;20,000;0,000;205,79;0,000;4,000;0,000;
="X1650100";="26.5R25 L3 TL 202/1T";="TITAN GOODYEAR";="VIALES / OTR - RADIALES";="UNIDAD";4,000;0,000;4,000;0,000;3736,36;0,000;0,000;4,000;
="105446";="265/30R19 EAGLE F1 ASYMMETRIC 2 93Y";="GOODYEAR";="ASYMMETRIC";="UNIDAD";12,000;0,000;12,000;0,000;460,27;12,000;0,000;0,000;
="108603";="265/35R18 EAGLE F1 ASYMMETRIC 3 97Y";="GOODYEAR";="ASYMMETRIC";="UNIDAD";8,000;0,000;8,000;0,000;361,31;8,000;0,000;0,000;
="3450";="265/60R18 110H TRANSMATE WZD105 M+S";="TERCELO";="WZD105";="UNIDAD";1,000;0,000;7,000;0,000;109,92;1,000;0,000;0,000;
="RK625H1";="265/60R18 114H ROYAL SPORT EXTRA LOAD XL TL M+S";="ROYAL BLACK";="ROYAL SPORT";="UNIDAD";241,000;0,000;251,000;0,000;109,92;95,000;8,000;138,000;
="2R023H1";="265/65R17 112H ROYAL PERFORMANCE TL M+S";="ROYAL BLACK";="ROYAL PERFORMANCE";="UNIDAD";562,000;0,000;566,000;0,000;112,40;224,000;16,000;322,000;
="3453";="265/65R17 112H TRANSMATE WZD105 M+S";="TERCELO";="WZD105";="UNIDAD";197,000;0,000;209,000;0,000;115,70;129,000;18,000;50,000;
="6662";="265/65R17 112T TRANSMATE WZR505 M+S";="TERCELO";="WZR505";="UNIDAD";67,000;0,000;95,000;0,000;112,40;1,000;12,000;54,000;
="107883";="265/65R17 EFFICIENTGRIP SUV 112H";="GOODYEAR";="EFFICIENTGRIP SUV";="UNIDAD";1,000;0,000;5,000;0,000;188,36;1,000;0,000;0,000;
="111655";="265/65R17 WRANGLER TERRITORY AT 112T SL";="GOODYEAR";="WRANGLER TERRITORY";="UNIDAD";4,000;0,000;16,000;0,000;227,27;4,000;0,000;0,000;
="111569";="265/70R16 WRANGLER WORKHORSE AT 112T SL";="GOODYEAR";="WRANGLER WORKHORSE";="UNIDAD";4,000;0,000;14,000;0,000;220,66;0,000;4,000;0,000;
="3461";="265/70R17 113T TRANSMATE WZR505 M+S";="TERCELO";="WZR505";="UNIDAD";96,000;0,000;112,000;0,000;135,54;26,000;8,000;62,000;
="2R099H1";="265/70R17 115H ROYAL SPORT TL M+S";="ROYAL BLACK";="ROYAL SPORT";="UNIDAD";256,000;0,000;256,000;0,000;135,54;256,000;0,000;0,000;
="RK314H1";="265/70R17 115T ROYAL A/T TL M+S";="ROYAL BLACK";="ROYAL A/T";="UNIDAD";15,000;0,000;19,000;0,000;135,54;15,000;0,000;0,000;
="104301";="275/35R20 EXCELLENCE ROF 102Y XL";="GOODYEAR";="RUN ON FLAT";="UNIDAD";5,000;0,000;3,000;0,000;413,22;5,000;0,000;0,000;
="108411";="275/35ZR20 EAGLE F1 ASYMM 3 ROF 98Y";="GOODYEAR";="RUN ON FLAT";="UNIDAD";1,000;0,000;1,000;0,000;811,05;1,000;0,000;0,000;
="3472";="275/65R18LT 123/120S TRANSMATE WZR505 M+S";="TERCELO";="WZR505";="UNIDAD";21,000;0,000;25,000;0,000;145,45;17,000;4,000;0,000;
="AR7972601HD";="275/70R22.5 ARIVO BUFFALO ARST1 145/145M";="ARIVO";="DIRECCION";="UNIDAD";38,000;0,000;38,000;0,000;261,74;30,000;8,000;0,000;
="121526";="275/70R22.5 G617 152/148J J TL";="GOODYEAR";="DIRECCION";="UNIDAD";12,000;0,000;11,000;0,000;403,77;11,000;0,000;1,000;
="AR6781703G";="275/80R22.5 ARIVO XARD42 149/146M";="ARIVO";="TRACCION";="UNIDAD";250,000;0,000;258,000;0,000;367768,60;132,000;118,000;0,000;
="AR16217038";="275/80R22.5 ARIVO XARS92 149/146M";="ARIVO";="DIRECCION";="UNIDAD";300,000;0,000;314,000;0,000;338842,98;196,000;104,000;0,000;
="122983";="275/80R22.5 ARMOR MAX MSD 149/146K";="GOODYEAR";="TRACCION";="UNIDAD";46,000;0,000;46,000;0,000;407,60;0,000;10,000;36,000;
="124475";="275/80R22.5 COOPER WORK SERIES RHA 149/146L H";="GOODYEAR";="DIRECCION";="UNIDAD";8,000;0,000;8,000;0,000;420,66;8,000;0,000;0,000;
="124476";="275/80R22.5 COOPER WORK SERIES RHD 149/146L H";="GOODYEAR";="TRACCION";="UNIDAD";8,000;0,000;8,000;0,000;420,66;8,000;0,000;0,000;
="122186";="275/80R22.5 G686 MSS PLU 149/146K H";="GOODYEAR";="DIRECCION";="UNIDAD";1,000;0,000;1,000;0,000;426,42;0,000;0,000;1,000;
="122671";="275/80R22.5 KMAX D TRACTION 149/146L H";="GOODYEAR";="TRACCION";="UNIDAD";24,000;0,000;50,000;0,000;518,18;20,000;0,000;4,000;
="122673";="275/80R22.5 KMAX EXTREME 149/146J H";="GOODYEAR";="DIRECCION";="UNIDAD";10,000;0,000;20,000;0,000;417,36;2,000;8,000;0,000;
="123909";="275/80R22.5 KMAX S GEN-2 149/146L  H";="GOODYEAR";="DIRECCION";="UNIDAD";159,000;0,000;183,000;0,000;455,37;0,000;10,000;149,000;
="120309";="275/80R22.5 KS461 149/146L H TL";="GOODYEAR";="DIRECCION";="UNIDAD";2,000;0,000;20,000;0,000;268,73;2,000;0,000;0,000;
="122705";="275/80R22.5 KS481 149/146L H TL";="GOODYEAR";="TRACCION";="UNIDAD";2,000;0,000;10,000;0,000;279,13;2,000;0,000;0,000;
="7500589";="275/80R22.5 ROYAL BLACK RD801 18PR 149/146M M+S";="ROYAL BLACK";="TRACCION";="UNIDAD";75,000;0,000;87,000;0,000;380640,50;19,000;56,000;0,000;
="7500584";="275/80R22.5 ROYAL BLACK RS201 18PR 149/146M M+S";="ROYAL BLACK";="DIRECCION";="UNIDAD";1,000;0,000;20,000;0,000;338842,98;1,000;0,000;0,000;
="121760";="275/80R22.5 STEELMARK AGS BY GOODYEAR 149/146L H TL";="GOODYEAR";="DIRECCION";="UNIDAD";58,000;0,000;72,000;0,000;351,24;34,000;24,000;0,000;
="1BBY12001";="28.1R26 FORERUNNER QH712 158A8/158B TL R-1W ";="FORERUNNER";="AGRICOLA TRACTOR TRASERO RADIAL";="UNIDAD";6,000;0,000;6,000;0,000;1984,30;0,000;2,000;4,000;
="107604";="285/45R19 EAGLE F1 ASYMMETRIC SUV  ROF 111W XL";="GOODYEAR";="RUN ON FLAT";="UNIDAD";4,000;0,000;4,000;0,000;522,58;4,000;0,000;0,000;
="3477";="285/70R17LT 121/118S TRANSMATE WZR505 M+S";="TERCELO";="WZR505";="UNIDAD";60,000;0,000;64,000;0,000;159,50;52,000;8,000;0,000;
="3478";="285/75R16LT 126/123R TRANSMATE WZR505 M+S";="TERCELO";="WZR505";="UNIDAD";30,000;0,000;42,000;0,000;154,55;8,000;0,000;22,000;
="T1150163";="28L-26 DYNA TORQUE III 16T TL";="GOODYEAR";="AGRICOLA TRACTOR TRASERO DIAGONAL";="UNIDAD";3,000;0,000;3,000;0,000;1721,49;0,000;0,000;3,000;
="F27";="28L-26 FORERUNNER QH691 20PR TL LS-2 ";="FORERUNNER";="AGRICOLA TRACTOR TRASERO DIAGONAL";="UNIDAD";5,000;0,000;5,000;0,000;1995,58;1,000;3,000;1,000;
="29525WOR";="29.5-25 WORLDWIDE 28T";="MARCAS VARIAS";="VARIAS MEDIDAS";="UNIDAD";1,000;0,000;1,000;0,000;4645,89;0,000;0,000;1,000;
="MV6";="29.5R-29 TB516 TL RADIAL TRIANGLE";="MARCAS VARIAS";="VARIAS MEDIDAS";="UNIDAD";2,000;0,000;2,000;0,000;8888,48;0,000;0,000;2,000;
="AR1581602HD";="295/80R22.5 ARIVO BUFFALO ARA1 152/149M";="ARIVO";="DIRECCION";="UNIDAD";22,000;0,000;22,000;0,000;264,31;0,000;22,000;0,000;
="AR9191602HD";="295/80R22.5 ARIVO BUFFALO ARD1 152/149L";="ARIVO";="TRACCION";="UNIDAD";4,000;0,000;4,000;0,000;367768,60;0,000;4,000;0,000;
="AR9691602HD";="295/80R22.5 ARIVO BUFFALO ARD3 152/149K";="ARIVO";="TRACCION";="UNIDAD";14,000;0,000;14,000;0,000;292,54;2,000;12,000;0,000;
="122984";="295/80R22.5 ARMOR MAX MSD 152/148K";="GOODYEAR";="TRACCION";="UNIDAD";12,000;0,000;20,000;0,000;525,62;8,000;0,000;4,000;
="123857";="295/80R22.5 ARMOR MAX MSS 154/149J";="GOODYEAR";="DIRECCION";="UNIDAD";1,000;0,000;0,000;0,000;401,00;0,000;0,000;1,000;
="124370";="295/80R22.5 COOPER WORK SERIES RHA 149/146L H";="GOODYEAR";="DIRECCION";="UNIDAD";6,000;0,000;6,000;0,000;429,75;6,000;0,000;0,000;
="4214";="295/80R22.5 ECOSAVER ECO68 TERCELO 152/149L M+S";="TERCELO";="DIRECCION";="UNIDAD";164,000;0,000;172,000;0,000;264,31;124,000;40,000;0,000;
="3147";="295/80R22.5 ECOSAVER ECO76 TERCELO 152/149M M+S";="TERCELO";="DIRECCION";="UNIDAD";830,000;0,000;974,000;0,000;338842,98;793,000;37,000;0,000;
="122968";="295/80R22.5 FUELMAX LHS 154/149M J TL";="GOODYEAR";="DIRECCION";="UNIDAD";34,000;0,000;88,000;0,000;502,48;18,000;6,000;10,000;
="122185";="295/80R22.5 G686 MSS PLUS 152/148K H";="GOODYEAR";="DIRECCION";="UNIDAD";32,000;0,000;34,000;0,000;470,94;0,000;0,000;32,000;
="123560";="295/80R22.5 KELLY MSA II 152/148K ";="GOODYEAR";="DIRECCION";="UNIDAD";8,000;0,000;8,000;0,000;363,72;8,000;0,000;0,000;
="123561";="295/80R22.5 KELLY MSD II 152/148K H";="GOODYEAR";="TRACCION";="UNIDAD";8,000;0,000;8,000;0,000;432,15;8,000;0,000;0,000;
="122962";="295/80R22.5 KMAX D TRACTION 152/148L H";="GOODYEAR";="TRACCION";="UNIDAD";2,000;0,000;61,000;0,000;560,33;0,000;0,000;2,000;
="122647";="295/80R22.5 KMAX EXTREME 152/148K H";="GOODYEAR";="DIRECCION";="UNIDAD";19,000;0,000;31,000;0,000;523,14;0,000;0,000;19,000;
="122642";="295/80R22.5 KMAX S 152/148L H TL";="GOODYEAR";="DIRECCION";="UNIDAD";4,000;0,000;96,000;0,000;455,37;0,000;3,000;1,000;
="122701";="295/80R22.5 KS481 152/148L H TL";="GOODYEAR";="TRACCION";="UNIDAD";15,000;0,000;49,000;0,000;310,16;7,000;8,000;0,000;
="7500148";="295/80R22.5 ROYAL BLACK RD801 18PR 154/151M M+S";="ROYAL BLACK";="TRACCION";="UNIDAD";59,000;0,000;71,000;0,000;367768,60;0,000;59,000;0,000;
="7500150";="295/80R22.5 ROYAL BLACK RD860 18PR 152/149K M+S";="ROYAL BLACK";="TRACCION";="UNIDAD";352,000;0,000;374,000;0,000;342,15;68,000;22,000;262,000;
="122703";="295/80R22.5 STEELMARK AGD 152/148L H TL";="GOODYEAR";="TRACCION";="UNIDAD";12,000;0,000;12,000;0,000;429,75;0,000;8,000;4,000;
="121651";="295/80R22.5 STEELMARK AGS/AHS 152/148L H TL";="GOODYEAR";="DIRECCION";="UNIDAD";22,000;0,000;53,000;0,000;385,95;0,000;18,000;4,000;
="103269";="295/80R22.5 TLD19 TERCELO 152/149J M+S";="TERCELO";="TRACCION";="UNIDAD";2,000;0,000;6,000;0,000;402,88;2,000;0,000;0,000;
="104058";="295/80R22.5 TUA91 TERCELO 152/149M M+S";="TERCELO";="DIRECCION";="UNIDAD";94,000;0,000;100,000;0,000;383,21;68,000;26,000;0,000;
="T1150173";="30.5L-32 DYNA TORQUE III R1 TL 14T";="GOODYEAR";="AGRICOLA TRACTOR TRASERO DIAGONAL";="UNIDAD";1,000;0,000;1,000;0,000;1915,29;0,000;0,000;1,000;
="F34";="30.5L-32 FORERUNNER QH666 18PR TL R-1";="FORERUNNER";="AGRICOLA TRACTOR TRASERO DIAGONAL";="UNIDAD";14,000;0,000;14,000;0,000;1818,52;0,000;4,000;10,000;
="LL7T96";="30.5L-32 LOGLUGIII HD LS2TT LS2 TT 26T";="GOODYEAR";="AGRICOLA TRACTOR TRASERO DIAGONAL";="UNIDAD";4,000;0,000;4,000;0,000;3788,02;0,000;0,000;4,000;
="F99";="30.5LR32 FORERUNNER QH741 184A8/181B TL";="FORERUNNER";="AGRICOLA TRACTOR TRASERO DIAGONAL";="UNIDAD";8,000;0,000;8,000;0,000;2458,96;4,000;4,000;0,000;
="1Y7E900001";="300/95R46 FORERUNNER QH711 148A8/148B TL R-1W (12.4R46)";="FORERUNNER";="AGRICOLA TRACTOR TRASERO RADIAL";="UNIDAD";10,000;0,000;10,000;0,000;889,84;0,000;2,000;8,000;
="121304";="315/80R22.5  G658 154/150M TL";="GOODYEAR";="DIRECCION";="UNIDAD";20,000;0,000;25,000;0,000;528,84;9,000;0,000;11,000;
="121307";="315/80R22.5 G667 156/150 L TL";="GOODYEAR";="TRACCION";="UNIDAD";4,000;0,000;4,000;0,000;581,65;4,000;0,000;0,000;
="116241";="31X10.50R15TL WRANGLER WORKHORSE AT 109S";="GOODYEAR";="WRANGLER WORKHORSE";="UNIDAD";8,000;0,000;8,000;0,000;247,93;8,000;0,000;0,000;
="1V9E9Y001";="320/85R24 FORERUNNER QH711 122A8/119B TL R-1W (12.4R24)";="FORERUNNER";="AGRICOLA TRACTOR TRASERO RADIAL";="UNIDAD";8,000;0,000;8,000;0,000;476,03;0,000;0,000;8,000;
="1AGE900001";="320/90R46 FORERUNNER QH711 148A8/148B TL R-1W";="FORERUNNER";="AGRICOLA TRACTOR TRASERO RADIAL";="UNIDAD";13,000;0,000;13,000;0,000;890,72;0,000;4,000;9,000;
="6249";="33X12.50R18LT 118Q TRANSMATE TRANSFORTIS MT01 M+S";="TERCELO";="TRANSFORTIS MT01";="UNIDAD";32,000;0,000;32,000;0,000;212,40;28,000;4,000;0,000;
="1T0E9E001";="380/85R24 FORERUNNER QH711 131A8/128B TL R-1W  (14.9R24)";="FORERUNNER";="AGRICOLA TRACTOR TRASERO RADIAL";="UNIDAD";16,000;0,000;16,000;0,000;577,69;0,000;2,000;14,000;
="1I4E9C001";="380/85R28 FORERUNNER QH711 133A8/130B TL R-1W  (14.9R28)";="FORERUNNER";="AGRICOLA TRACTOR TRASERO RADIAL";="UNIDAD";8,000;0,000;8,000;0,000;687,60;0,000;2,000;6,000;
="1I5E9L001";="380/90R46 FORERUNNER QH711 149A8/149B TL R-1W";="FORERUNNER";="AGRICOLA TRACTOR TRASERO RADIAL";="UNIDAD";2,000;0,000;2,000;0,000;1040,50;0,000;2,000;0,000;
="120008";="385/65R22.5 REGIONAL RHT 158L";="GOODYEAR";="TRACCION";="UNIDAD";2,000;0,000;4,000;0,000;526,61;0,000;0,000;2,000;
="8004903";="385/65R22.5 ROYAL BLACK RT708 24PR 164K M+S";="ROYAL BLACK";="DIRECCION";="UNIDAD";108,000;0,000;115,000;0,000;469,60;0,000;6,000;102,000;
="F69";="400/55-22.5 FORERUNNER QH643 16PR TL ";="FORERUNNER";="AGRICOLA TRACTOR DELANTERO";="UNIDAD";4,000;0,000;4,000;0,000;386,63;0,000;0,000;4,000;
="F41";="400/60-15.5 FORERUNNER QH643 14PR TL I-3";="FORERUNNER";="AGRICOLA TRACTOR DELANTERO";="UNIDAD";114,000;0,000;118,000;0,000;222,40;1,000;12,000;101,000;
="T1111060";="400/60-15.5 SUPERFLOT II I-3 TL 16T";="GOODYEAR";="AGRICOLA TRACTOR DELANTERO";="UNIDAD";22,000;0,000;22,000;0,000;342,20;10,000;12,000;0,000;
="X1111050";="400/60-15.5 SUPERFLOT II I3 TL 14T";="GOODYEAR";="AGRICOLA TRACTOR DELANTERO";="UNIDAD";1,000;0,000;9,000;0,000;348,16;1,000;0,000;0,000;
="1I1E9D001";="420/85R28 FORERUNNER QH711 139A8/136B TL R-1W (16.9R28)";="FORERUNNER";="AGRICOLA TRACTOR TRASERO RADIAL";="UNIDAD";10,000;0,000;10,000;0,000;811,43;0,000;0,000;10,000;
="1I1P0W001";="420/85R30 FORERUNNER QH711 140A8/137B TL R-1W  (16.9R30)";="FORERUNNER";="AGRICOLA TRACTOR TRASERO RADIAL";="UNIDAD";6,000;0,000;6,000;0,000;840,83;0,000;4,000;2,000;
="1T5E9T001";="420/85R34 FORERUNNER QH711 142A8/139B TL R-1W  (16.9R34)";="FORERUNNER";="AGRICOLA TRACTOR TRASERO RADIAL";="UNIDAD";12,000;0,000;12,000;0,000;890,72;0,000;4,000;8,000;
="1P7P0A001";="460/85R30 FORERUNNER QH711 154A8/151B TL R-1W (18.4R30)";="FORERUNNER";="AGRICOLA TRACTOR TRASERO RADIAL";="UNIDAD";12,000;0,000;12,000;0,000;1065,17;0,000;0,000;12,000;
="1Q1E9G001";="460/85R34 FORERUNNER QH711 147A8/144B TL R-1W (18.4R34)";="FORERUNNER";="AGRICOLA TRACTOR TRASERO RADIAL";="UNIDAD";10,000;0,000;10,000;0,000;991,38;0,000;2,000;8,000;
="1Q2P0I001";="460/85R38 FORERUNNER QH711 149A8/146B TL R-1W (18.4R38)";="FORERUNNER";="AGRICOLA TRACTOR TRASERO RADIAL";="UNIDAD";6,000;0,000;6,000;0,000;1107,46;0,000;0,000;6,000;
="X1100600";="5.50-16 TRIPLE RAIADO  F2 TT 4T";="GOODYEAR";="AGRICOLA TRACTOR DELANTERO";="UNIDAD";4,000;0,000;4,000;0,000;85,98;4,000;0,000;0,000;
="1Q6E9N001";="520/85R38 FORERUNNER QH711 155A8/152B TL R-1W (20.8R38)";="FORERUNNER";="AGRICOLA TRACTOR TRASERO RADIAL";="UNIDAD";11,000;0,000;11,000;0,000;1616,70;0,000;4,000;7,000;
="1Q6P0K001";="520/85R42 FORERUNNER QH711 167A8/164B TL R-1W (20.8-42)";="FORERUNNER";="AGRICOLA TRACTOR TRASERO RADIAL";="UNIDAD";29,000;0,000;29,000;0,000;1854,57;0,000;6,000;23,000;
="F71";="550/45-22.5 FORERUNNER QH643 16PR TL";="FORERUNNER";="AGRICOLA TRACTOR DELANTERO";="UNIDAD";14,000;0,000;14,000;0,000;569,68;0,000;1,000;13,000;
="T1100205";="6.00-16 RIB TRACTOR F2 TT 6T";="GOODYEAR";="AGRICOLA TRACTOR DELANTERO";="UNIDAD";9,000;0,000;9,000;0,000;98,35;0,000;3,000;6,000;
="F79";="6.00-9 FORERUNNER QH201 12PR TT";="FORERUNNER";="INDUSTRIALES IMPORTADO";="UNIDAD";99,000;0,000;99,000;0,000;85,12;42,000;10,000;47,000;
="F98";="6.50-10 FORERUNNER QH201 12PR TTF";="FORERUNNER";="INDUSTRIALES IMPORTADO";="UNIDAD";14,000;0,000;14,000;0,000;89,81;14,000;0,000;0,000;
="T1103200";="6.50-16 DYNA RIB F2 TT 8T";="GOODYEAR";="AGRICOLA TRACTOR DELANTERO";="UNIDAD";9,000;0,000;9,000;0,000;119,83;0,000;0,000;9,000;
="F70";="600/50-22.5 FORERUNNER QH643 16PR TL  I-3";="FORERUNNER";="AGRICOLA TRACTOR DELANTERO";="UNIDAD";1,000;0,000;1,000;0,000;712,52;0,000;0,000;1,000;
="T1111100";="600/50-22.5 SUPERFLOT III I3 TL 16T";="GOODYEAR";="AGRICOLA TRACTOR DELANTERO";="UNIDAD";2,000;0,000;2,000;0,000;920,66;0,000;0,000;2,000;
="653533FI";="65-35/33 FIRESTONE 24T";="MARCAS VARIAS";="VARIAS MEDIDAS";="UNIDAD";1,000;0,000;1,000;0,000;4103,44;0,000;0,000;1,000;
="F58";="7.00-12 FORERUNNER SKS-1 14PR TT";="FORERUNNER";="INDUSTRIALES IMPORTADO";="UNIDAD";101,000;0,000;103,000;0,000;133,44;52,000;4,000;45,000;
="T1102500";="7.00-16 ALL IMPLEMENT F2 TT 10T";="GOODYEAR";="AGRICOLA TRACTOR DELANTERO";="UNIDAD";8,000;0,000;8,000;0,000;129,75;0,000;4,000;4,000;
="T1103250";="7.00-16 PAPALEGUAS G8  F3 TT 10T";="GOODYEAR";="AGRICOLA TRACTOR DELANTERO";="UNIDAD";8,000;0,000;8,000;0,000;143,80;0,000;0,000;8,000;
="75015BKT";="7.50-15 BKT";="MARCAS VARIAS";="VARIAS MEDIDAS";="UNIDAD";3,000;0,000;3,000;0,000;172,87;3,000;0,000;0,000;
="75015DICO";="7.50-15 DICO";="MARCAS VARIAS";="VARIAS MEDIDAS";="UNIDAD";1,000;0,000;1,000;0,000;863,18;1,000;0,000;0,000;
="75015WOR";="7.50-15 WORLDWIDE";="MARCAS VARIAS";="VARIAS MEDIDAS";="UNIDAD";22,000;0,000;22,000;0,000;172,87;18,000;4,000;0,000;
="F73";="7.50-16  FORERUNNER QH641 10PR TT I-1";="FORERUNNER";="AGRICOLA TRACTOR DELANTERO";="UNIDAD";14,000;0,000;14,000;0,000;82,97;0,000;14,000;0,000;
="F76";="7.50-16 FORERUNNER 8PR TL F-2";="FORERUNNER";="AGRICOLA TRACTOR DELANTERO";="UNIDAD";26,000;0,000;26,000;0,000;104,96;0,000;10,000;16,000;
="T1100215";="7.50-16 RIB TRACTOR F2 TT 8T";="GOODYEAR";="AGRICOLA TRACTOR DELANTERO";="UNIDAD";31,000;0,000;31,000;0,000;137,90;31,000;0,000;0,000;
="T1100040";="7.50-18 DYNA RIB F2 TT 8T";="GOODYEAR";="AGRICOLA TRACTOR DELANTERO";="UNIDAD";11,000;0,000;12,000;0,000;165,29;1,000;9,000;1,000;
="F45";="7.50-18 FORERUNNER QH621 8PR TL F-2";="FORERUNNER";="AGRICOLA TRACTOR DELANTERO";="UNIDAD";151,000;0,000;153,000;0,000;130,02;0,000;12,000;139,000;
="X1100844";="7.50-18 PAPALEGUAS G8  F3 TT 8T";="GOODYEAR";="AGRICOLA TRACTOR DELANTERO";="UNIDAD";1,000;0,000;13,000;0,000;191,53;1,000;0,000;0,000;
="T1100844";="7.50-18 PAPALEGUAS G8  F3 TT 8T";="GOODYEAR";="AGRICOLA TRACTOR DELANTERO";="UNIDAD";11,000;0,000;11,000;0,000;190,91;0,000;0,000;11,000;
="T1100030";="7.50-20 DYNA RIB F2 TT 8T";="GOODYEAR";="AGRICOLA TRACTOR DELANTERO";="UNIDAD";12,000;0,000;14,000;0,000;179,34;0,000;0,000;12,000;
="X1163308";="710/70R38 DT924  R1W TL 171";="GOODYEAR";="AGRICOLA TRACTOR TRASERO RADIAL";="UNIDAD";2,000;0,000;2,000;0,000;3253,44;0,000;0,000;2,000;
="1O0E9S001";="710/70R38 FORERUNNER QH711 166A8/166B TL R-1W ";="FORERUNNER";="AGRICOLA TRACTOR TRASERO RADIAL";="UNIDAD";14,000;0,000;14,000;0,000;2181,44;0,000;0,000;14,000;
="1P5E9P001";="800/65R32 FORERUNNER QH711 178A8/178B TL R-1W ";="FORERUNNER";="AGRICOLA TRACTOR TRASERO RADIAL";="UNIDAD";15,000;0,000;15,000;0,000;2687,15;0,000;2,000;13,000;
="T1154065";="800/65R32 OPTITRAC DT830 R1W TL 172";="GOODYEAR";="AGRICOLA TRACTOR TRASERO RADIAL";="UNIDAD";12,000;0,000;12,000;0,000;2995,04;0,000;0,000;12,000;
="120240";="9.00-20 CT150 14PR TT";="GOODYEAR";="DIRECCION";="UNIDAD";4,000;0,000;38,000;0,000;438,02;0,000;0,000;4,000;
="F74";="9.5-24 FORERUNNER QH611 8PR TT R-1";="FORERUNNER";="AGRICOLA TRACTOR TRASERO DIAGONAL";="UNIDAD";20,000;0,000;20,000;0,000;184,30;0,000;5,000;15,000;
="X1150600";="9.5-24 SUPER CUARTEADORA R1 TT 6T";="GOODYEAR";="AGRICOLA TRACTOR TRASERO DIAGONAL";="UNIDAD";2,000;0,000;4,000;0,000;221,32;0,000;0,000;2,000;
="T1159335";="9.5-24 SUPREME TFC 6T TT R1";="GOODYEAR";="AGRICOLA TRACTOR TRASERO DIAGONAL";="UNIDAD";6,000;0,000;6,000;0,000;234,71;0,000;0,000;6,000;
="T1157700";="900/60R32 OPTITRAC DT830 R1W TL 176";="GOODYEAR";="AGRICOLA TRACTOR TRASERO RADIAL";="UNIDAD";4,000;0,000;4,000;0,000;3420,66;0,000;0,000;4,000;
="F85";="AT18X9.5-8-6PR TL FORERRUNER KNIGHT";="FORERUNNER";="CUATRICICLO";="UNIDAD";54,000;0,000;54,000;0,000;55,60;52,000;2,000;0,000;
="F84";="AT19X7-8-6PR TL FORERRUNER KNIGHT";="FORERUNNER";="CUATRICICLO";="UNIDAD";57,000;0,000;57,000;0,000;43,62;52,000;5,000;0,000;
="F88";="AT20X11-8-6PR TL FORERRUNER EOS-H";="FORERUNNER";="CUATRICICLO";="UNIDAD";64,000;0,000;64,000;0,000;92,38;56,000;8,000;0,000;
="F87";="AT21X7-10-6PR TL FORERRUNER MARS-A";="FORERUNNER";="CUATRICICLO";="UNIDAD";62,000;0,000;62,000;0,000;55,60;0,000;18,000;44,000;
="F86";="AT22X10-10-6PR TL FORERRUNER KNIGHT";="FORERUNNER";="CUATRICICLO";="UNIDAD";50,000;0,000;50,000;0,000;72,71;36,000;14,000;0,000;
="F89";="AT22X7-11-6PR TL FORERRUNER MARS-A";="FORERUNNER";="CUATRICICLO";="UNIDAD";62,000;0,000;62,000;0,000;69,29;54,000;8,000;0,000;
="MV1";="BRIDGESTONE 16T 1100R-20";="MARCAS VARIAS";="VARIAS MEDIDAS";="UNIDAD";1,000;0,000;1,000;0,000;973,70;0,000;0,000;1,000;
="A159";="FATE 11.00-20 PCR 16T";="FATE";="VARIAS MEDIDAS";="UNIDAD";1,000;0,000;1,000;0,000;702,72;0,000;0,000;1,000;
="A113";="FATE 700-15 F-90 10T";="FATE";="VARIAS MEDIDAS";="UNIDAD";6,000;0,000;6,000;0,000;206611,57;6,000;0,000;0,000;
="1AGE900002";="IF320/90R46 155D TL R-1W QH711";="FORERUNNER";="AGRICOLA TRACTOR TRASERO RADIAL";="UNIDAD";1,000;0,000;3,000;0,000;873,98;0,000;0,000;1,000;
="X1156010";="IF800/70R38 OPTITRAC DT 830 R-1W TL 179";="GOODYEAR";="AGRICOLA TRACTOR TRASERO RADIAL";="UNIDAD";2,000;0,000;2,000;0,000;4159,16;0,000;0,000;2,000;
="1BUY7O001";="IF900/60R32 FORERUNNER QH716 CFO 185A8 TL R-1W ";="FORERUNNER";="AGRICOLA TRACTOR TRASERO RADIAL";="UNIDAD";12,000;0,000;12,000;0,000;4099,45;0,000;0,000;12,000;
="160054";="KIT 6.00-9 XTRA MINE TT 10PR PACK";="GOODYEAR";="XTRAMINE";="UNIDAD";5,000;0,000;33,000;0,000;118,18;5,000;0,000;0,000;
="160055";="KIT 7.00-12 XTRA MINE TT 12PR PACK";="GOODYEAR";="XTRAMINE";="UNIDAD";13,000;0,000;19,000;0,000;196,69;9,000;4,000;0,000;
="LANDE235R25";="LANDE ARMOUR / TRONMAX  23.5R25 24T L3 TL";="LANDE ARMOUR / TRONMAX";="VIALES IMPORTADO";="UNIDAD";2,000;0,000;2,000;0,000;2246,53;0,000;0,000;2,000;
="LANDE26525L3";="LANDE ARMOUR / TRONMAX  26.5-25 28T L3 NE3 TL";="LANDE ARMOUR / TRONMAX";="VIALES IMPORTADO";="UNIDAD";3,000;0,000;3,000;0,000;2500,58;0,000;0,000;3,000;
="1315";="LANDE ARMOUR / TRONMAX  26.5-25 28T L3 NE3 TL";="LANDE ARMOUR / TRONMAX";="VIALES IMPORTADO";="UNIDAD";1,000;0,000;1,000;0,000;2922,50;0,000;0,000;1,000;
="1286";="LANDE ARMOUR / TRONMAX  26.5-25 28T L5 TL";="LANDE ARMOUR / TRONMAX";="VIALES IMPORTADO";="UNIDAD";4,000;0,000;8,000;0,000;4706,20;0,000;0,000;4,000;
="LANDE29529";="LANDE ARMOUR / TRONMAX  29.5-29 28T E3";="LANDE ARMOUR / TRONMAX";="VIALES IMPORTADO";="UNIDAD";4,000;0,000;4,000;0,000;3618,61;0,000;0,000;4,000;
="LANDE70016";="LANDE ARMOUR / TRONMAX  7.00-16 16T PACK (CAMARA + PROTECTOR)";="LANDE ARMOUR / TRONMAX";="INDUSTRIALES IMPORTADO";="UNIDAD";2,000;0,000;2,000;0,000;190,30;0,000;2,000;0,000;
="LANDE1016";="LANDE ARMOUR / TRONMAX 10-16.5 12T RG400";="LANDE ARMOUR / TRONMAX";="INDUSTRIALES IMPORTADO";="UNIDAD";2,000;0,000;235,000;0,000;129,41;0,000;2,000;0,000;
="1319";="LANDE ARMOUR / TRONMAX 11.00-20 APLANADORA 18T C1 PACK";="LANDE ARMOUR / TRONMAX";="RODILLO COMPACTADOR";="UNIDAD";9,000;0,000;9,000;0,000;621,34;9,000;0,000;0,000;
="LANDE130024";="LANDE ARMOUR / TRONMAX 13.00-24 16T L2/G2";="LANDE ARMOUR / TRONMAX";="VIALES IMPORTADO";="UNIDAD";25,000;0,000;25,000;0,000;453,35;0,000;0,000;25,000;
="13188";="LANDE ARMOUR / TRONMAX 18.00-25 40T E4B TL";="LANDE ARMOUR / TRONMAX";="VIALES IMPORTADO";="UNIDAD";6,000;0,000;6,000;0,000;3346,48;0,000;0,000;6,000;
="LANDE19524";="LANDE ARMOUR / TRONMAX 19.5L-24 12T R4A";="LANDE ARMOUR / TRONMAX";="VIALES IMPORTADO";="UNIDAD";1,000;0,000;1,000;0,000;512,37;0,000;0,000;1,000;
="LANDE20525L2";="LANDE ARMOUR / TRONMAX 20.5-25 16T L2 E2";="LANDE ARMOUR / TRONMAX";="VIALES IMPORTADO";="UNIDAD";4,000;0,000;4,000;0,000;926,78;0,000;0,000;4,000;
="LANDE20525L3";="LANDE ARMOUR / TRONMAX 20.5-25 20T L3 NE3 TL";="LANDE ARMOUR / TRONMAX";="VIALES IMPORTADO";="UNIDAD";6,000;0,000;6,000;0,000;1005,06;0,000;0,000;6,000;
="1314";="LANDE ARMOUR / TRONMAX 20.5-25 20T L5 TL";="LANDE ARMOUR / TRONMAX";="VIALES IMPORTADO";="UNIDAD";2,000;0,000;2,000;0,000;1783,14;0,000;0,000;2,000;
="LANDE20525L5";="LANDE ARMOUR / TRONMAX 20.5-25 20T L5 TL";="LANDE ARMOUR / TRONMAX";="VIALES IMPORTADO";="UNIDAD";6,000;0,000;6,000;0,000;1783,14;0,000;0,000;6,000;
="111813";="LT245/70R17 WRANGLER DURATRAC 119/116Q";="GOODYEAR";="WRANGLER DURATRAC";="UNIDAD";4,000;0,000;4,000;0,000;332,23;4,000;0,000;0,000;
="118229";="LT265/50R20 WRANGLER DURATRAC RT 115S E";="GOODYEAR";="WRANGLER DURATRAC";="UNIDAD";8,000;0,000;12,000;0,000;427,27;8,000;0,000;0,000;
="6241";="LT265/70R17 121/118Q TRANSMATE TRANSFORTIS MT01 M+S";="TERCELO";="TRANSFORTIS MT01";="UNIDAD";184,000;0,000;192,000;0,000;176,03;84,000;0,000;100,000;
="RK031H1";="LT265/70R17 121/118S ROTYAL A/T TL M+S";="ROYAL BLACK";="ROYAL A/T";="UNIDAD";72,000;0,000;84,000;0,000;135,54;72,000;0,000;0,000;
="118253";="LT265/70R17 WRANGLER DURATRAC RT 123S E";="GOODYEAR";="WRANGLER DURATRAC";="UNIDAD";18,000;0,000;22,000;0,000;338,02;18,000;0,000;0,000;
="111445";="LT265/70R17 WRANGLER WORKHORSE AT 121/118 S";="GOODYEAR";="WRANGLER WORKHORSE";="UNIDAD";4,000;0,000;12,000;0,000;257,85;4,000;0,000;0,000;
="118333";="LT275/60R20 WRANGLER DURATRAC RT E 123/120S WRL";="GOODYEAR";="WRANGLER DURATRAC";="UNIDAD";4,000;0,000;8,000;0,000;424,79;4,000;0,000;0,000;
="118119";="LT275/65R18 WRANGLER DURATRAC RT E 123/120R ";="GOODYEAR";="WRANGLER DURATRAC";="UNIDAD";4,000;0,000;8,000;0,000;390,91;4,000;0,000;0,000;
="118187";="LT285/65R18 WRANGLER DURATRAC RT E 125/122R";="GOODYEAR";="WRANGLER DURATRAC";="UNIDAD";8,000;0,000;8,000;0,000;380,17;8,000;0,000;0,000;
="6259";="LT285/70R17 121/118Q TRANSMATE TRANSFORTIS MT01 M+S";="TERCELO";="TRANSFORTIS MT01";="UNIDAD";31,000;0,000;31,000;0,000;190,91;25,000;6,000;0,000;
="106955";="LT285/70R17 WRANGLER ALL-TERRAIN ADVENTURE 121/118R E";="GOODYEAR";="WRANGLER ADVENTURE";="UNIDAD";16,000;0,000;24,000;0,000;331,49;16,000;0,000;0,000;
="140991";="LT285/70R17 WRANGLER DURATRAC RT 126R E";="GOODYEAR";="WRANGLER DURATRAC";="UNIDAD";4,000;0,000;12,000;0,000;334,96;4,000;0,000;0,000;
="118113";="LT305/55R20 WRANGLER DURATRAC RT E 125/122Q WRL";="GOODYEAR";="WRANGLER DURATRAC";="UNIDAD";4,000;0,000;4,000;0,000;461,98;4,000;0,000;0,000;
="M75015";="MICELIN 750-15";="FATE";="VARIAS MEDIDAS";="UNIDAD";2,000;0,000;2,000;0,000;801,21;2,000;0,000;0,000;
="MI295CLLANTA";="MICHELIN 295/80R-22,5 XLINE LISA ARMADA CON LLANTA";="VARIAS";="CAMION IMPORTADO";="UNIDAD";1,000;0,000;1,000;0,000;1014,58;1,000;0,000;0,000;
="RK033H1";="P265/65R17 110T ROYAL A/T TL M+S";="ROYAL BLACK";="ROYAL A/T";="UNIDAD";109,000;0,000;131,000;0,000;112,40;109,000;0,000;0,000;
="RK312H1";="P265/70R16 112T ROYAL A/T TL M+S";="ROYAL BLACK";="ROYAL A/T";="UNIDAD";1,000;0,000;1,000;0,000;116,53;1,000;0,000;0,000;
="PI275CLLANTA";="PIRELLI 275/80R-22,5 FR88 LISA ARMADA CON LLANTA";="PIRELLI";="CAMION IMPORTADO";="UNIDAD";1,000;0,000;2,000;0,000;1014,58;1,000;0,000;0,000;
="MV11";="PIRELLI 700-12 TT 12 T C184";="MARCAS VARIAS";="VARIAS MEDIDAS";="UNIDAD";1,000;0,000;1,000;0,000;389,48;1,000;0,000;0,000;
="10165TRONMAX";="TRONMAX 10-16.5 12T RG400";="LANDE ARMOUR / TRONMAX";="INDUSTRIALES IMPORTADO";="UNIDAD";1,000;0,000;1,000;0,000;122,75;1,000;0,000;0,000;
="14175TRONMAX";="TRONMAX 14-17.5 16T L-5B";="LANDE ARMOUR / TRONMAX";="INDUSTRIALES IMPORTADO";="UNIDAD";23,000;0,000;23,000;0,000;278,79;4,000;0,000;19,000;
="19524TRONMAX";="TRONMAX 19.5L-24 12T R4A";="LANDE ARMOUR / TRONMAX";="VIALES IMPORTADO";="UNIDAD";9,000;0,000;9,000;0,000;512,37;0,000;0,000;9,000;
="20525L3TRONMAX";="TRONMAX 20.5-25 20T L3 NE3 TL";="LANDE ARMOUR / TRONMAX";="VIALES IMPORTADO";="UNIDAD";1,000;0,000;1,000;0,000;1005,06;0,000;0,000;1,000;
="23525L3TRONMAX";="TRONMAX 23.5-25 20T L3 NE3 TL";="LANDE ARMOUR / TRONMAX";="VIALES IMPORTADO";="UNIDAD";3,000;0,000;3,000;0,000;1291,21;0,000;0,000;3,000;
="2352524TL3TRONMAX";="TRONMAX 23.5-25 24T L3 NE3 TL";="LANDE ARMOUR / TRONMAX";="VIALES IMPORTADO";="UNIDAD";1,000;0,000;1,000;0,000;1587,13;0,000;0,000;1,000;
="26525L5TRONMAX";="TRONMAX 26.5-25 28T L5 TL";="LANDE ARMOUR / TRONMAX";="VIALES IMPORTADO";="UNIDAD";4,000;0,000;4,000;0,000;4706,26;0,000;0,000;4,000;
="F97";="VF1050/50R32 FORERUNNER QH716 198D TL R-1W";="FORERUNNER";="AGRICOLA TRACTOR TRASERO RADIAL";="UNIDAD";8,000;0,000;8,000;0,000;3845,71;8,000;0,000;0,000;
="1I5E9L002";="VF380/90R46 FORERUNNER QH711 173D TL R-1W";="FORERUNNER";="AGRICOLA TRACTOR TRASERO RADIAL";="UNIDAD";6,000;0,000;6,000;0,000;1360,32;0,000;0,000;6,000;
="X1168010";="VF380/90R46 ULTRA SPRAYER R1 TL 173T";="GOODYEAR";="AGRICOLA TRACTOR TRASERO RADIAL";="UNIDAD";6,000;0,000;6,000;0,000;1633,53;0,000;2,000;4,000;
=" ";=" ";=" ";="Totales:";=" ";22085,00;0,00;26452,00;0,00;7053903,53;10488,00;1891,00;9706,00;
